timestamp,target,item_id
2021-01-01 00:00:00,-1.3378,A
2021-01-01 01:00:00,-1.6111,A
2021-01-01 02:00:00,-1.9259,A
2021-01-01 03:00:00,-1.9184,A
2021-01-01 04:00:00,-1.9168,A
2021-01-01 05:00:00,-1.9681,A
2021-01-01 06:00:00,-1.7846,A
2021-01-01 07:00:00,-1.5927,A
2021-01-01 08:00:00,-1.2477,A
2021-01-01 09:00:00,-0.9560,A
2021-01-01 10:00:00,-0.5371,A
2021-01-01 11:00:00,-0.0635,A
2021-01-01 12:00:00,0.2484,A
2021-01-01 13:00:00,0.6201,A
2021-01-01 14:00:00,0.5023,A
2021-01-01 15:00:00,1.0044,A
2021-01-01 16:00:00,0.8535,A
2021-01-01 17:00:00,0.8180,A
2021-01-01 18:00:00,0.8154,A
2021-01-01 19:00:00,0.7080,A
2021-01-01 20:00:00,0.6353,A
2021-01-01 21:00:00,0.2325,A
2021-01-01 22:00:00,-0.0448,A
2021-01-01 23:00:00,-0.2539,A
2021-01-02 00:00:00,-0.5301,A
2021-01-02 01:00:00,-0.5604,A
2021-01-02 02:00:00,-0.8344,A
2021-01-02 03:00:00,-0.5720,A
2021-01-02 04:00:00,-0.5604,A
2021-01-02 05:00:00,-0.4882,A
2021-01-02 06:00:00,-0.2409,A
2021-01-02 07:00:00,0.0567,A
2021-01-02 08:00:00,0.3953,A
2021-01-02 09:00:00,0.7209,A
2021-01-02 10:00:00,0.9360,A
2021-01-02 11:00:00,1.1985,A
2021-01-02 12:00:00,1.4179,A
2021-01-02 13:00:00,1.6294,A
2021-01-02 14:00:00,1.6792,A
2021-01-02 15:00:00,1.5665,A
2021-01-02 16:00:00,1.4542,A
2021-01-02 17:00:00,1.3784,A
2021-01-02 18:00:00,1.0784,A
2021-01-02 19:00:00,0.7094,A
2021-01-02 20:00:00,0.3757,A
2021-01-02 21:00:00,0.1000,A
2021-01-02 22:00:00,-0.3805,A
2021-01-02 23:00:00,-0.9351,A
2021-01-03 00:00:00,-1.2102,A
2021-01-03 01:00:00,-1.5725,A
2021-01-03 02:00:00,-1.6813,A
2021-01-03 03:00:00,-1.8947,A
2021-01-03 04:00:00,-2.0547,A
2021-01-03 05:00:00,-1.7722,A
2021-01-03 06:00:00,-1.7434,A
2021-01-03 07:00:00,-1.5327,A
2021-01-03 08:00:00,-1.2614,A
2021-01-03 09:00:00,-0.8945,A
2021-01-03 10:00:00,-0.3998,A
2021-01-03 11:00:00,-0.0931,A
2021-01-03 12:00:00,0.1523,A
2021-01-03 13:00:00,0.6569,A
2021-01-03 14:00:00,0.7835,A
2021-01-03 15:00:00,1.0239,A
2021-01-03 16:00:00,0.9265,A
2021-01-03 17:00:00,0.8553,A
2021-01-03 18:00:00,0.8311,A
2021-01-03 19:00:00,0.5827,A
2021-01-03 20:00:00,0.2338,A
2021-01-03 21:00:00,0.3678,A
2021-01-03 22:00:00,-0.0003,A
2021-01-03 23:00:00,-0.2318,A
2021-01-04 00:00:00,-0.5331,A
2021-01-04 01:00:00,-0.5175,A
2021-01-04 02:00:00,-0.7591,A
2021-01-04 03:00:00,-0.5857,A
2021-01-04 04:00:00,-0.7152,A
2021-01-04 05:00:00,-0.4739,A
2021-01-04 06:00:00,-0.1919,A
2021-01-04 07:00:00,0.0677,A
2021-01-04 08:00:00,0.3011,A
2021-01-04 09:00:00,0.3814,A
2021-01-04 10:00:00,1.0736,A
2021-01-04 11:00:00,1.0480,A
2021-01-04 12:00:00,1.5624,A
2021-01-04 13:00:00,1.5342,A
2021-01-04 14:00:00,1.6400,A
2021-01-04 15:00:00,1.9690,A
2021-01-04 16:00:00,1.6931,A
2021-01-04 17:00:00,1.6014,A
2021-01-04 18:00:00,1.1250,A
2021-01-04 19:00:00,0.8865,A
2021-01-04 20:00:00,0.3846,A
2021-01-04 21:00:00,0.0742,A
2021-01-04 22:00:00,-0.4393,A
2021-01-04 23:00:00,-0.7118,A
2021-01-05 00:00:00,-1.2834,A
2021-01-05 01:00:00,-1.3660,A
2021-01-05 02:00:00,-1.8014,A
2021-01-05 03:00:00,-1.8125,A
2021-01-05 04:00:00,-2.0720,A
2021-01-05 05:00:00,-1.7771,A
2021-01-05 06:00:00,-1.6715,A
2021-01-05 07:00:00,-1.3671,A
2021-01-05 08:00:00,-1.1766,A
2021-01-05 09:00:00,-0.7295,A
2021-01-05 10:00:00,-0.4987,A
2021-01-05 11:00:00,-0.2292,A
2021-01-05 12:00:00,0.1933,A
2021-01-05 13:00:00,0.4663,A
2021-01-05 14:00:00,0.5659,A
2021-01-05 15:00:00,0.7124,A
2021-01-05 16:00:00,0.8280,A
2021-01-05 17:00:00,0.9077,A
2021-01-05 18:00:00,0.7610,A
2021-01-05 19:00:00,0.7167,A
2021-01-05 20:00:00,0.4843,A
2021-01-05 21:00:00,0.2186,A
2021-01-05 22:00:00,0.0558,A
2021-01-05 23:00:00,-0.1742,A
2021-01-06 00:00:00,-0.4846,A
2021-01-06 01:00:00,-0.6860,A
2021-01-06 02:00:00,-0.7624,A
2021-01-06 03:00:00,-0.6645,A
2021-01-06 04:00:00,-0.4388,A
2021-01-06 05:00:00,-0.3741,A
2021-01-06 06:00:00,-0.3186,A
2021-01-06 07:00:00,0.0277,A
2021-01-06 08:00:00,0.2412,A
2021-01-06 09:00:00,0.5037,A
2021-01-06 10:00:00,0.9774,A
2021-01-06 11:00:00,1.1316,A
2021-01-06 12:00:00,1.4632,A
2021-01-06 13:00:00,1.5141,A
2021-01-06 14:00:00,1.5481,A
2021-01-06 15:00:00,1.6766,A
2021-01-06 16:00:00,1.6539,A
2021-01-06 17:00:00,1.3527,A
2021-01-06 18:00:00,1.0780,A
2021-01-06 19:00:00,0.7592,A
2021-01-06 20:00:00,0.3509,A
2021-01-06 21:00:00,0.0534,A
2021-01-06 22:00:00,-0.4256,A
2021-01-06 23:00:00,-0.8468,A
2021-01-07 00:00:00,-1.4270,A
2021-01-07 01:00:00,-1.4515,A
2021-01-07 02:00:00,-1.6629,A
2021-01-07 03:00:00,-1.9128,A
2021-01-07 04:00:00,-2.0464,A
2021-01-07 05:00:00,-1.7418,A
2021-01-07 06:00:00,-1.7011,A
2021-01-07 07:00:00,-1.4619,A
2021-01-07 08:00:00,-1.1527,A
2021-01-07 09:00:00,-0.8758,A
2021-01-07 10:00:00,-0.4115,A
2021-01-07 11:00:00,-0.2389,A
2021-01-07 12:00:00,0.2922,A
2021-01-07 13:00:00,0.5642,A
2021-01-07 14:00:00,0.5885,A
2021-01-07 15:00:00,0.8070,A
2021-01-07 16:00:00,0.8585,A
2021-01-07 17:00:00,0.8056,A
2021-01-07 18:00:00,0.8029,A
2021-01-07 19:00:00,0.4337,A
2021-01-07 20:00:00,0.2596,A
2021-01-07 21:00:00,0.0122,A
2021-01-07 22:00:00,0.0052,A
2021-01-07 23:00:00,-0.4727,A
2021-01-08 00:00:00,-0.5511,A
2021-01-08 01:00:00,-0.5932,A
2021-01-08 02:00:00,-0.7505,A
2021-01-08 03:00:00,-0.4978,A
2021-01-08 04:00:00,-0.5051,A
2021-01-08 05:00:00,-0.3753,A
2021-01-08 06:00:00,-0.2440,A
2021-01-08 07:00:00,0.0095,A
2021-01-08 08:00:00,0.3692,A
2021-01-08 09:00:00,0.7807,A
2021-01-08 10:00:00,1.0135,A
2021-01-08 11:00:00,1.1805,A
2021-01-08 12:00:00,1.5927,A
2021-01-08 13:00:00,1.6855,A
2021-01-08 14:00:00,1.8593,A
2021-01-08 15:00:00,1.6850,A
2021-01-08 16:00:00,1.5527,A
2021-01-08 17:00:00,1.3677,A
2021-01-08 18:00:00,1.1558,A
2021-01-08 19:00:00,0.8158,A
2021-01-08 20:00:00,0.3267,A
2021-01-08 21:00:00,0.1822,A
2021-01-08 22:00:00,-0.4270,A
2021-01-08 23:00:00,-0.8917,A
2021-01-09 00:00:00,-1.3495,A
2021-01-09 01:00:00,-1.6403,A
2021-01-09 02:00:00,-1.8952,A
2021-01-09 03:00:00,-1.9084,A
2021-01-09 04:00:00,-1.8111,A
2021-01-09 05:00:00,-1.7865,A
2021-01-09 06:00:00,-1.7594,A
2021-01-09 07:00:00,-1.2197,A
2021-01-09 08:00:00,-1.3027,A
2021-01-09 09:00:00,-1.0029,A
2021-01-09 10:00:00,-0.5541,A
2021-01-09 11:00:00,0.0370,A
2021-01-09 12:00:00,0.1842,A
2021-01-09 13:00:00,0.4091,A
2021-01-09 14:00:00,0.5988,A
2021-01-09 15:00:00,0.9457,A
2021-01-09 16:00:00,1.0123,A
2021-01-09 17:00:00,0.8828,A
2021-01-09 18:00:00,1.0167,A
2021-01-09 19:00:00,0.6306,A
2021-01-09 20:00:00,0.3671,A
2021-01-09 21:00:00,0.2454,A
2021-01-09 22:00:00,0.0181,A
2021-01-09 23:00:00,-0.3464,A
2021-01-10 00:00:00,-0.6185,A
2021-01-10 01:00:00,-0.7742,A
2021-01-10 02:00:00,-0.5466,A
2021-01-10 03:00:00,-0.5486,A
2021-01-10 04:00:00,-0.8054,A
2021-01-10 05:00:00,-0.2890,A
2021-01-10 06:00:00,-0.3267,A
2021-01-10 07:00:00,0.1067,A
2021-01-10 08:00:00,0.2948,A
2021-01-10 09:00:00,0.6168,A
2021-01-10 10:00:00,1.0536,A
2021-01-10 11:00:00,1.2386,A
2021-01-10 12:00:00,1.5251,A
2021-01-10 13:00:00,1.5295,A
2021-01-10 14:00:00,1.8007,A
2021-01-10 15:00:00,1.7723,A
2021-01-10 16:00:00,1.6541,A
2021-01-10 17:00:00,1.3049,A
2021-01-10 18:00:00,1.0579,A
2021-01-10 19:00:00,0.7328,A
2021-01-10 20:00:00,0.4957,A
2021-01-10 21:00:00,-0.1209,A
2021-01-10 22:00:00,-0.5072,A
2021-01-10 23:00:00,-0.6661,A
2021-01-01 00:00:00,0.1268,B
2021-01-01 01:00:00,0.0926,B
2021-01-01 02:00:00,-0.1420,B
2021-01-01 03:00:00,-0.4930,B
2021-01-01 04:00:00,-0.5057,B
2021-01-01 05:00:00,-0.7298,B
2021-01-01 06:00:00,-0.7960,B
2021-01-01 07:00:00,-0.8096,B
2021-01-01 08:00:00,-1.0067,B
2021-01-01 09:00:00,-0.8682,B
2021-01-01 10:00:00,-0.7775,B
2021-01-01 11:00:00,-0.7425,B
2021-01-01 12:00:00,-0.3922,B
2021-01-01 13:00:00,-0.5456,B
2021-01-01 14:00:00,-0.2519,B
2021-01-01 15:00:00,0.0294,B
2021-01-01 16:00:00,-0.1565,B
2021-01-01 17:00:00,0.1361,B
2021-01-01 18:00:00,0.1661,B
2021-01-01 19:00:00,0.2243,B
2021-01-01 20:00:00,0.3490,B
2021-01-01 21:00:00,0.4268,B
2021-01-01 22:00:00,0.4257,B
2021-01-01 23:00:00,0.2268,B
2021-01-02 00:00:00,0.3916,B
2021-01-02 01:00:00,0.2455,B
2021-01-02 02:00:00,-0.0116,B
2021-01-02 03:00:00,0.0326,B
2021-01-02 04:00:00,-0.0606,B
2021-01-02 05:00:00,-0.0842,B
2021-01-02 06:00:00,-0.0199,B
2021-01-02 07:00:00,0.0185,B
2021-01-02 08:00:00,-0.0809,B
2021-01-02 09:00:00,-0.1437,B
2021-01-02 10:00:00,-0.0876,B
2021-01-02 11:00:00,0.1764,B
2021-01-02 12:00:00,0.2242,B
2021-01-02 13:00:00,0.3031,B
2021-01-02 14:00:00,0.3784,B
2021-01-02 15:00:00,0.5821,B
2021-01-02 16:00:00,0.6203,B
2021-01-02 17:00:00,0.6137,B
2021-01-02 18:00:00,0.5842,B
2021-01-02 19:00:00,0.6826,B
2021-01-02 20:00:00,0.6866,B
2021-01-02 21:00:00,0.7626,B
2021-01-02 22:00:00,0.5086,B
2021-01-02 23:00:00,0.5049,B
2021-01-03 00:00:00,0.2064,B
2021-01-03 01:00:00,-0.2064,B
2021-01-03 02:00:00,-0.1156,B
2021-01-03 03:00:00,-0.2309,B
2021-01-03 04:00:00,-0.5956,B
2021-01-03 05:00:00,-0.5636,B
2021-01-03 06:00:00,-0.8217,B
2021-01-03 07:00:00,-0.8255,B
2021-01-03 08:00:00,-0.9641,B
2021-01-03 09:00:00,-0.8528,B
2021-01-03 10:00:00,-0.6357,B
2021-01-03 11:00:00,-0.6952,B
2021-01-03 12:00:00,-0.6947,B
2021-01-03 13:00:00,-0.4560,B
2021-01-03 14:00:00,-0.4101,B
2021-01-03 15:00:00,-0.1016,B
2021-01-03 16:00:00,-0.1454,B
2021-01-03 17:00:00,0.0460,B
2021-01-03 18:00:00,0.3145,B
2021-01-03 19:00:00,0.2870,B
2021-01-03 20:00:00,0.3557,B
2021-01-03 21:00:00,0.3188,B
2021-01-03 22:00:00,0.3276,B
2021-01-03 23:00:00,0.3779,B
2021-01-04 00:00:00,0.3382,B
2021-01-04 01:00:00,0.2188,B
2021-01-04 02:00:00,0.1550,B
2021-01-04 03:00:00,-0.0878,B
2021-01-04 04:00:00,-0.0957,B
2021-01-04 05:00:00,-0.1954,B
2021-01-04 06:00:00,-0.1199,B
2021-01-04 07:00:00,-0.3956,B
2021-01-04 08:00:00,-0.2520,B
2021-01-04 09:00:00,0.0035,B
2021-01-04 10:00:00,-0.0162,B
2021-01-04 11:00:00,0.1517,B
2021-01-04 12:00:00,0.0487,B
2021-01-04 13:00:00,0.0591,B
2021-01-04 14:00:00,0.3437,B
2021-01-04 15:00:00,0.5732,B
2021-01-04 16:00:00,0.5653,B
2021-01-04 17:00:00,0.6830,B
2021-01-04 18:00:00,0.6644,B
2021-01-04 19:00:00,0.8106,B
2021-01-04 20:00:00,0.6771,B
2021-01-04 21:00:00,0.5987,B
2021-01-04 22:00:00,0.5772,B
2021-01-04 23:00:00,0.3422,B
2021-01-05 00:00:00,0.1351,B
2021-01-05 01:00:00,-0.1313,B
2021-01-05 02:00:00,-0.3323,B
2021-01-05 03:00:00,-0.4787,B
2021-01-05 04:00:00,-0.5684,B
2021-01-05 05:00:00,-0.3869,B
2021-01-05 06:00:00,-0.7045,B
2021-01-05 07:00:00,-0.9878,B
2021-01-05 08:00:00,-0.9372,B
2021-01-05 09:00:00,-0.7414,B
2021-01-05 10:00:00,-0.7965,B
2021-01-05 11:00:00,-0.5563,B
2021-01-05 12:00:00,-0.4408,B
2021-01-05 13:00:00,-0.5665,B
2021-01-05 14:00:00,-0.1478,B
2021-01-05 15:00:00,-0.1666,B
2021-01-05 16:00:00,0.1615,B
2021-01-05 17:00:00,0.2045,B
2021-01-05 18:00:00,0.1743,B
2021-01-05 19:00:00,0.4211,B
2021-01-05 20:00:00,0.4474,B
2021-01-05 21:00:00,0.3546,B
2021-01-05 22:00:00,0.4440,B
2021-01-05 23:00:00,0.3924,B
2021-01-06 00:00:00,0.2952,B
2021-01-06 01:00:00,0.1777,B
2021-01-06 02:00:00,0.0736,B
2021-01-06 03:00:00,0.1283,B
2021-01-06 04:00:00,-0.0857,B
2021-01-06 05:00:00,-0.1931,B
2021-01-06 06:00:00,-0.0425,B
2021-01-06 07:00:00,-0.0908,B
2021-01-06 08:00:00,-0.1160,B
2021-01-06 09:00:00,-0.1070,B
2021-01-06 10:00:00,-0.0774,B
2021-01-06 11:00:00,0.1043,B
2021-01-06 12:00:00,0.1393,B
2021-01-06 13:00:00,0.3046,B
2021-01-06 14:00:00,0.5053,B
2021-01-06 15:00:00,0.5023,B
2021-01-06 16:00:00,0.4387,B
2021-01-06 17:00:00,0.5430,B
2021-01-06 18:00:00,0.5423,B
2021-01-06 19:00:00,0.7687,B
2021-01-06 20:00:00,0.6930,B
2021-01-06 21:00:00,0.7130,B
2021-01-06 22:00:00,0.4094,B
2021-01-06 23:00:00,0.3222,B
2021-01-07 00:00:00,0.1891,B
2021-01-07 01:00:00,0.0091,B
2021-01-07 02:00:00,-0.2469,B
2021-01-07 03:00:00,-0.3240,B
2021-01-07 04:00:00,-0.5626,B
2021-01-07 05:00:00,-0.7234,B
2021-01-07 06:00:00,-0.7600,B
2021-01-07 07:00:00,-0.6854,B
2021-01-07 08:00:00,-0.8528,B
2021-01-07 09:00:00,-0.9935,B
2021-01-07 10:00:00,-0.5611,B
2021-01-07 11:00:00,-0.7709,B
2021-01-07 12:00:00,-0.6801,B
2021-01-07 13:00:00,-0.4119,B
2021-01-07 14:00:00,-0.4091,B
2021-01-07 15:00:00,-0.1448,B
2021-01-07 16:00:00,-0.0882,B
2021-01-07 17:00:00,0.2700,B
2021-01-07 18:00:00,0.3031,B
2021-01-07 19:00:00,0.5124,B
2021-01-07 20:00:00,0.5016,B
2021-01-07 21:00:00,0.5246,B
2021-01-07 22:00:00,0.4019,B
2021-01-07 23:00:00,0.2465,B
2021-01-08 00:00:00,0.1884,B
2021-01-08 01:00:00,0.3074,B
2021-01-08 02:00:00,-0.0105,B
2021-01-08 03:00:00,0.1917,B
2021-01-08 04:00:00,0.0532,B
2021-01-08 05:00:00,-0.0084,B
2021-01-08 06:00:00,-0.0937,B
2021-01-08 07:00:00,-0.0478,B
2021-01-08 08:00:00,-0.3726,B
2021-01-08 09:00:00,-0.0978,B
2021-01-08 10:00:00,0.0031,B
2021-01-08 11:00:00,0.0683,B
2021-01-08 12:00:00,0.2122,B
2021-01-08 13:00:00,0.4140,B
2021-01-08 14:00:00,0.5037,B
2021-01-08 15:00:00,0.4086,B
2021-01-08 16:00:00,0.6552,B
2021-01-08 17:00:00,0.7110,B
2021-01-08 18:00:00,0.5518,B
2021-01-08 19:00:00,0.5800,B
2021-01-08 20:00:00,0.7695,B
2021-01-08 21:00:00,0.5911,B
2021-01-08 22:00:00,0.4036,B
2021-01-08 23:00:00,0.3807,B
2021-01-09 00:00:00,0.2019,B
2021-01-09 01:00:00,0.0479,B
2021-01-09 02:00:00,-0.1885,B
2021-01-09 03:00:00,-0.4004,B
2021-01-09 04:00:00,-0.5895,B
2021-01-09 05:00:00,-0.7056,B
2021-01-09 06:00:00,-0.7316,B
2021-01-09 07:00:00,-0.8595,B
2021-01-09 08:00:00,-0.8283,B
2021-01-09 09:00:00,-0.7780,B
2021-01-09 10:00:00,-0.8818,B
2021-01-09 11:00:00,-0.7216,B
2021-01-09 12:00:00,-0.3655,B
2021-01-09 13:00:00,-0.5559,B
2021-01-09 14:00:00,-0.4279,B
2021-01-09 15:00:00,-0.0736,B
2021-01-09 16:00:00,-0.0379,B
2021-01-09 17:00:00,-0.1101,B
2021-01-09 18:00:00,0.1242,B
2021-01-09 19:00:00,0.3225,B
2021-01-09 20:00:00,0.2893,B
2021-01-09 21:00:00,0.4582,B
2021-01-09 22:00:00,0.4507,B
2021-01-09 23:00:00,0.3800,B
2021-01-10 00:00:00,0.2507,B
2021-01-10 01:00:00,0.1356,B
2021-01-10 02:00:00,0.1932,B
2021-01-10 03:00:00,0.0020,B
2021-01-10 04:00:00,-0.0285,B
2021-01-10 05:00:00,-0.2612,B
2021-01-10 06:00:00,-0.1902,B
2021-01-10 07:00:00,-0.3369,B
2021-01-10 08:00:00,-0.1643,B
2021-01-10 09:00:00,-0.1218,B
2021-01-10 10:00:00,-0.0697,B
2021-01-10 11:00:00,0.0153,B
2021-01-10 12:00:00,0.1588,B
2021-01-10 13:00:00,0.2385,B
2021-01-10 14:00:00,0.3982,B
2021-01-10 15:00:00,0.3032,B
2021-01-10 16:00:00,0.5417,B
2021-01-10 17:00:00,0.5904,B
2021-01-10 18:00:00,0.7080,B
2021-01-10 19:00:00,0.6937,B
2021-01-10 20:00:00,0.7043,B
2021-01-10 21:00:00,0.5297,B
2021-01-10 22:00:00,0.5816,B
2021-01-10 23:00:00,0.3736,B
2021-01-01 00:00:00,-0.3645,C
2021-01-01 01:00:00,-0.1364,C
2021-01-01 02:00:00,0.1063,C
2021-01-01 03:00:00,0.6269,C
2021-01-01 04:00:00,0.9419,C
2021-01-01 05:00:00,1.2339,C
2021-01-01 06:00:00,1.5324,C
2021-01-01 07:00:00,1.9313,C
2021-01-01 08:00:00,1.9507,C
2021-01-01 09:00:00,2.1053,C
2021-01-01 10:00:00,1.9594,C
2021-01-01 11:00:00,1.8813,C
2021-01-01 12:00:00,1.6905,C
2021-01-01 13:00:00,0.9623,C
2021-01-01 14:00:00,0.6979,C
2021-01-01 15:00:00,0.5059,C
2021-01-01 16:00:00,-0.4317,C
2021-01-01 17:00:00,-0.7584,C
2021-01-01 18:00:00,-1.3867,C
2021-01-01 19:00:00,-1.7454,C
2021-01-01 20:00:00,-2.4330,C
2021-01-01 21:00:00,-2.4249,C
2021-01-01 22:00:00,-2.4898,C
2021-01-01 23:00:00,-2.4467,C
2021-01-02 00:00:00,-2.4307,C
2021-01-02 01:00:00,-2.0198,C
2021-01-02 02:00:00,-1.8353,C
2021-01-02 03:00:00,-1.6090,C
2021-01-02 04:00:00,-0.9975,C
2021-01-02 05:00:00,-0.6049,C
2021-01-02 06:00:00,-0.0806,C
2021-01-02 07:00:00,0.2234,C
2021-01-02 08:00:00,0.5716,C
2021-01-02 09:00:00,0.9121,C
2021-01-02 10:00:00,0.8591,C
2021-01-02 11:00:00,1.1719,C
2021-01-02 12:00:00,1.0901,C
2021-01-02 13:00:00,1.1258,C
2021-01-02 14:00:00,1.0593,C
2021-01-02 15:00:00,0.6598,C
2021-01-02 16:00:00,0.4447,C
2021-01-02 17:00:00,0.2834,C
2021-01-02 18:00:00,-0.3098,C
2021-01-02 19:00:00,-0.5059,C
2021-01-02 20:00:00,-0.6140,C
2021-01-02 21:00:00,-0.6606,C
2021-01-02 22:00:00,-0.6509,C
2021-01-02 23:00:00,-0.6023,C
2021-01-03 00:00:00,-0.2713,C
2021-01-03 01:00:00,-0.1455,C
2021-01-03 02:00:00,0.2674,C
2021-01-03 03:00:00,0.5962,C
2021-01-03 04:00:00,0.8704,C
2021-01-03 05:00:00,1.4280,C
2021-01-03 06:00:00,1.5124,C
2021-01-03 07:00:00,1.9467,C
2021-01-03 08:00:00,1.9780,C
2021-01-03 09:00:00,2.1360,C
2021-01-03 10:00:00,1.9836,C
2021-01-03 11:00:00,1.6323,C
2021-01-03 12:00:00,1.4432,C
2021-01-03 13:00:00,1.4144,C
2021-01-03 14:00:00,0.7649,C
2021-01-03 15:00:00,0.2121,C
2021-01-03 16:00:00,-0.2528,C
2021-01-03 17:00:00,-0.8556,C
2021-01-03 18:00:00,-1.0753,C
2021-01-03 19:00:00,-1.9565,C
2021-01-03 20:00:00,-2.1265,C
2021-01-03 21:00:00,-2.5111,C
2021-01-03 22:00:00,-2.4772,C
2021-01-03 23:00:00,-2.4184,C
2021-01-04 00:00:00,-2.0956,C
2021-01-04 01:00:00,-2.1538,C
2021-01-04 02:00:00,-1.8409,C
2021-01-04 03:00:00,-1.3243,C
2021-01-04 04:00:00,-1.0916,C
2021-01-04 05:00:00,-0.4989,C
2021-01-04 06:00:00,-0.0625,C
2021-01-04 07:00:00,0.2236,C
2021-01-04 08:00:00,0.4693,C
2021-01-04 09:00:00,0.6273,C
2021-01-04 10:00:00,1.1192,C
2021-01-04 11:00:00,1.2161,C
2021-01-04 12:00:00,1.0722,C
2021-01-04 13:00:00,1.0125,C
2021-01-04 14:00:00,0.9194,C
2021-01-04 15:00:00,0.8082,C
2021-01-04 16:00:00,0.2677,C
2021-01-04 17:00:00,-0.0707,C
2021-01-04 18:00:00,-0.1467,C
2021-01-04 19:00:00,-0.2760,C
2021-01-04 20:00:00,-0.5498,C
2021-01-04 21:00:00,-0.6904,C
2021-01-04 22:00:00,-0.5898,C
2021-01-04 23:00:00,-0.4194,C
2021-01-05 00:00:00,-0.2446,C
2021-01-05 01:00:00,-0.0901,C
2021-01-05 02:00:00,0.3154,C
2021-01-05 03:00:00,0.4646,C
2021-01-05 04:00:00,0.9294,C
2021-01-05 05:00:00,1.3409,C
2021-01-05 06:00:00,1.5089,C
2021-01-05 07:00:00,1.6849,C
2021-01-05 08:00:00,2.1291,C
2021-01-05 09:00:00,2.0661,C
2021-01-05 10:00:00,2.0135,C
2021-01-05 11:00:00,1.7956,C
2021-01-05 12:00:00,1.7436,C
2021-01-05 13:00:00,0.9565,C
2021-01-05 14:00:00,0.4520,C
2021-01-05 15:00:00,0.1607,C
2021-01-05 16:00:00,-0.2205,C
2021-01-05 17:00:00,-0.8513,C
2021-01-05 18:00:00,-1.0464,C
2021-01-05 19:00:00,-1.7250,C
2021-01-05 20:00:00,-2.0045,C
2021-01-05 21:00:00,-2.4666,C
2021-01-05 22:00:00,-2.5385,C
2021-01-05 23:00:00,-2.3956,C
2021-01-06 00:00:00,-2.3860,C
2021-01-06 01:00:00,-2.0492,C
2021-01-06 02:00:00,-1.7569,C
2021-01-06 03:00:00,-1.3644,C
2021-01-06 04:00:00,-1.2138,C
2021-01-06 05:00:00,-0.5550,C
2021-01-06 06:00:00,-0.0993,C
2021-01-06 07:00:00,0.1531,C
2021-01-06 08:00:00,0.7089,C
2021-01-06 09:00:00,0.9339,C
2021-01-06 10:00:00,1.1443,C
2021-01-06 11:00:00,1.0976,C
2021-01-06 12:00:00,1.2722,C
2021-01-06 13:00:00,1.1902,C
2021-01-06 14:00:00,0.7653,C
2021-01-06 15:00:00,0.6292,C
2021-01-06 16:00:00,0.4327,C
2021-01-06 17:00:00,0.1352,C
2021-01-06 18:00:00,-0.1565,C
2021-01-06 19:00:00,-0.3939,C
2021-01-06 20:00:00,-0.4045,C
2021-01-06 21:00:00,-0.3629,C
2021-01-06 22:00:00,-0.4733,C
2021-01-06 23:00:00,-0.3375,C
2021-01-07 00:00:00,-0.3777,C
2021-01-07 01:00:00,0.0752,C
2021-01-07 02:00:00,0.2531,C
2021-01-07 03:00:00,0.7104,C
2021-01-07 04:00:00,0.9535,C
2021-01-07 05:00:00,1.3788,C
2021-01-07 06:00:00,1.4283,C
2021-01-07 07:00:00,1.7160,C
2021-01-07 08:00:00,2.0892,C
2021-01-07 09:00:00,2.2860,C
2021-01-07 10:00:00,2.1573,C
2021-01-07 11:00:00,1.9640,C
2021-01-07 12:00:00,1.7222,C
2021-01-07 13:00:00,1.1294,C
2021-01-07 14:00:00,0.6815,C
2021-01-07 15:00:00,0.2467,C
2021-01-07 16:00:00,-0.2544,C
2021-01-07 17:00:00,-0.9011,C
2021-01-07 18:00:00,-1.5104,C
2021-01-07 19:00:00,-1.8820,C
2021-01-07 20:00:00,-2.1863,C
2021-01-07 21:00:00,-2.2677,C
2021-01-07 22:00:00,-2.6267,C
2021-01-07 23:00:00,-2.5304,C
2021-01-08 00:00:00,-2.2534,C
2021-01-08 01:00:00,-2.1937,C
2021-01-08 02:00:00,-1.7073,C
2021-01-08 03:00:00,-1.7026,C
2021-01-08 04:00:00,-1.0982,C
2021-01-08 05:00:00,-0.5086,C
2021-01-08 06:00:00,-0.0534,C
2021-01-08 07:00:00,0.2703,C
2021-01-08 08:00:00,0.5866,C
2021-01-08 09:00:00,1.0254,C
2021-01-08 10:00:00,1.1164,C
2021-01-08 11:00:00,1.0306,C
2021-01-08 12:00:00,1.2611,C
2021-01-08 13:00:00,1.1535,C
2021-01-08 14:00:00,0.6581,C
2021-01-08 15:00:00,0.6502,C
2021-01-08 16:00:00,0.4707,C
2021-01-08 17:00:00,0.2271,C
2021-01-08 18:00:00,-0.1751,C
2021-01-08 19:00:00,-0.3228,C
2021-01-08 20:00:00,-0.3943,C
2021-01-08 21:00:00,-0.4993,C
2021-01-08 22:00:00,-0.5484,C
2021-01-08 23:00:00,-0.4087,C
2021-01-09 00:00:00,-0.3707,C
2021-01-09 01:00:00,0.0480,C
2021-01-09 02:00:00,0.1301,C
2021-01-09 03:00:00,0.5746,C
2021-01-09 04:00:00,0.9892,C
2021-01-09 05:00:00,1.4403,C
2021-01-09 06:00:00,1.7086,C
2021-01-09 07:00:00,1.8220,C
2021-01-09 08:00:00,1.9526,C
2021-01-09 09:00:00,1.9679,C
2021-01-09 10:00:00,1.9459,C
2021-01-09 11:00:00,1.7575,C
2021-01-09 12:00:00,1.8335,C
2021-01-09 13:00:00,1.2083,C
2021-01-09 14:00:00,0.5657,C
2021-01-09 15:00:00,0.1662,C
2021-01-09 16:00:00,-0.3089,C
2021-01-09 17:00:00,-0.9080,C
2021-01-09 18:00:00,-1.1877,C
2021-01-09 19:00:00,-1.6672,C
2021-01-09 20:00:00,-2.2871,C
2021-01-09 21:00:00,-2.3806,C
2021-01-09 22:00:00,-2.5251,C
2021-01-09 23:00:00,-2.5074,C
2021-01-10 00:00:00,-2.2530,C
2021-01-10 01:00:00,-2.4360,C
2021-01-10 02:00:00,-1.8972,C
2021-01-10 03:00:00,-1.5745,C
2021-01-10 04:00:00,-1.0446,C
2021-01-10 05:00:00,-0.6283,C
2021-01-10 06:00:00,-0.1721,C
2021-01-10 07:00:00,0.2439,C
2021-01-10 08:00:00,0.7599,C
2021-01-10 09:00:00,0.8879,C
2021-01-10 10:00:00,1.0025,C
2021-01-10 11:00:00,1.0459,C
2021-01-10 12:00:00,1.3389,C
2021-01-10 13:00:00,1.0739,C
2021-01-10 14:00:00,0.8986,C
2021-01-10 15:00:00,0.7102,C
2021-01-10 16:00:00,0.4307,C
2021-01-10 17:00:00,0.1148,C
2021-01-10 18:00:00,-0.0132,C
2021-01-10 19:00:00,-0.3679,C
2021-01-10 20:00:00,-0.5553,C
2021-01-10 21:00:00,-0.7084,C
2021-01-10 22:00:00,-0.5735,C
2021-01-10 23:00:00,-0.5547,C
2021-01-01 00:00:00,-1.0864,D
2021-01-01 01:00:00,-1.1613,D
2021-01-01 02:00:00,-1.0405,D
2021-01-01 03:00:00,-0.8531,D
2021-01-01 04:00:00,-0.7666,D
2021-01-01 05:00:00,-0.4564,D
2021-01-01 06:00:00,-0.2971,D
2021-01-01 07:00:00,-0.1112,D
2021-01-01 08:00:00,-0.0818,D
2021-01-01 09:00:00,0.3325,D
2021-01-01 10:00:00,0.3795,D
2021-01-01 11:00:00,0.5381,D
2021-01-01 12:00:00,0.3672,D
2021-01-01 13:00:00,0.4089,D
2021-01-01 14:00:00,0.4585,D
2021-01-01 15:00:00,0.4729,D
2021-01-01 16:00:00,0.2843,D
2021-01-01 17:00:00,0.1319,D
2021-01-01 18:00:00,0.0514,D
2021-01-01 19:00:00,-0.0707,D
2021-01-01 20:00:00,-0.5342,D
2021-01-01 21:00:00,-0.1491,D
2021-01-01 22:00:00,-0.2363,D
2021-01-01 23:00:00,-0.3943,D
2021-01-02 00:00:00,-0.2594,D
2021-01-02 01:00:00,-0.0067,D
2021-01-02 02:00:00,-0.0035,D
2021-01-02 03:00:00,0.4550,D
2021-01-02 04:00:00,0.3815,D
2021-01-02 05:00:00,0.4228,D
2021-01-02 06:00:00,0.6002,D
2021-01-02 07:00:00,0.8279,D
2021-01-02 08:00:00,0.7697,D
2021-01-02 09:00:00,1.0308,D
2021-01-02 10:00:00,0.9031,D
2021-01-02 11:00:00,1.0030,D
2021-01-02 12:00:00,0.8405,D
2021-01-02 13:00:00,0.7994,D
2021-01-02 14:00:00,0.5900,D
2021-01-02 15:00:00,0.3506,D
2021-01-02 16:00:00,-0.0097,D
2021-01-02 17:00:00,-0.1244,D
2021-01-02 18:00:00,-0.5768,D
2021-01-02 19:00:00,-0.5715,D
2021-01-02 20:00:00,-0.7756,D
2021-01-02 21:00:00,-1.3291,D
2021-01-02 22:00:00,-1.0945,D
2021-01-02 23:00:00,-1.0986,D
2021-01-03 00:00:00,-1.2170,D
2021-01-03 01:00:00,-1.2151,D
2021-01-03 02:00:00,-1.0930,D
2021-01-03 03:00:00,-0.8466,D
2021-01-03 04:00:00,-0.7725,D
2021-01-03 05:00:00,-0.4275,D
2021-01-03 06:00:00,-0.3562,D
2021-01-03 07:00:00,-0.1439,D
2021-01-03 08:00:00,0.1625,D
2021-01-03 09:00:00,0.2380,D
2021-01-03 10:00:00,0.5256,D
2021-01-03 11:00:00,0.6305,D
2021-01-03 12:00:00,0.4639,D
2021-01-03 13:00:00,0.5036,D
2021-01-03 14:00:00,0.3237,D
2021-01-03 15:00:00,0.4300,D
2021-01-03 16:00:00,0.2557,D
2021-01-03 17:00:00,0.1144,D
2021-01-03 18:00:00,-0.1351,D
2021-01-03 19:00:00,-0.1860,D
2021-01-03 20:00:00,-0.2032,D
2021-01-03 21:00:00,-0.2815,D
2021-01-03 22:00:00,-0.4303,D
2021-01-03 23:00:00,-0.2828,D
2021-01-04 00:00:00,-0.1605,D
2021-01-04 01:00:00,-0.2102,D
2021-01-04 02:00:00,0.0018,D
2021-01-04 03:00:00,0.2436,D
2021-01-04 04:00:00,0.4197,D
2021-01-04 05:00:00,0.4903,D
2021-01-04 06:00:00,0.6923,D
2021-01-04 07:00:00,0.6902,D
2021-01-04 08:00:00,0.9212,D
2021-01-04 09:00:00,1.0515,D
2021-01-04 10:00:00,1.1475,D
2021-01-04 11:00:00,0.9641,D
2021-01-04 12:00:00,0.9553,D
2021-01-04 13:00:00,0.7765,D
2021-01-04 14:00:00,0.4414,D
2021-01-04 15:00:00,0.2947,D
2021-01-04 16:00:00,0.0370,D
2021-01-04 17:00:00,-0.3233,D
2021-01-04 18:00:00,-0.5735,D
2021-01-04 19:00:00,-0.6955,D
2021-01-04 20:00:00,-0.9865,D
2021-01-04 21:00:00,-0.9746,D
2021-01-04 22:00:00,-0.9756,D
2021-01-04 23:00:00,-1.1379,D
2021-01-05 00:00:00,-1.1906,D
2021-01-05 01:00:00,-1.1084,D
2021-01-05 02:00:00,-0.9043,D
2021-01-05 03:00:00,-0.8820,D
2021-01-05 04:00:00,-0.6350,D
2021-01-05 05:00:00,-0.3856,D
2021-01-05 06:00:00,-0.0984,D
2021-01-05 07:00:00,0.0359,D
2021-01-05 08:00:00,-0.0617,D
2021-01-05 09:00:00,0.0761,D
2021-01-05 10:00:00,0.3422,D
2021-01-05 11:00:00,0.5635,D
2021-01-05 12:00:00,0.4661,D
2021-01-05 13:00:00,0.3803,D
2021-01-05 14:00:00,0.1709,D
2021-01-05 15:00:00,0.2751,D
2021-01-05 16:00:00,0.2491,D
2021-01-05 17:00:00,0.0749,D
2021-01-05 18:00:00,-0.0642,D
2021-01-05 19:00:00,-0.0584,D
2021-01-05 20:00:00,-0.2081,D
2021-01-05 21:00:00,-0.3794,D
2021-01-05 22:00:00,-0.3461,D
2021-01-05 23:00:00,-0.3852,D
2021-01-06 00:00:00,-0.1118,D
2021-01-06 01:00:00,-0.0545,D
2021-01-06 02:00:00,0.1264,D
2021-01-06 03:00:00,0.2936,D
2021-01-06 04:00:00,0.4606,D
2021-01-06 05:00:00,0.5576,D
2021-01-06 06:00:00,0.8192,D
2021-01-06 07:00:00,0.9137,D
2021-01-06 08:00:00,0.9717,D
2021-01-06 09:00:00,1.0138,D
2021-01-06 10:00:00,0.9346,D
2021-01-06 11:00:00,0.9450,D
2021-01-06 12:00:00,0.8507,D
2021-01-06 13:00:00,0.5649,D
2021-01-06 14:00:00,0.4452,D
2021-01-06 15:00:00,0.3012,D
2021-01-06 16:00:00,-0.1863,D
2021-01-06 17:00:00,-0.1785,D
2021-01-06 18:00:00,-0.3636,D
2021-01-06 19:00:00,-0.8508,D
2021-01-06 20:00:00,-0.8191,D
2021-01-06 21:00:00,-1.0768,D
2021-01-06 22:00:00,-1.1123,D
2021-01-06 23:00:00,-1.2608,D
2021-01-07 00:00:00,-1.2279,D
2021-01-07 01:00:00,-1.0270,D
2021-01-07 02:00:00,-1.0395,D
2021-01-07 03:00:00,-1.0088,D
2021-01-07 04:00:00,-0.6919,D
2021-01-07 05:00:00,-0.5178,D
2021-01-07 06:00:00,-0.2912,D
2021-01-07 07:00:00,-0.0289,D
2021-01-07 08:00:00,-0.1666,D
2021-01-07 09:00:00,0.4070,D
2021-01-07 10:00:00,0.3910,D
2021-01-07 11:00:00,0.4931,D
2021-01-07 12:00:00,0.3512,D
2021-01-07 13:00:00,0.3138,D
2021-01-07 14:00:00,0.3031,D
2021-01-07 15:00:00,0.2482,D
2021-01-07 16:00:00,0.3458,D
2021-01-07 17:00:00,0.1187,D
2021-01-07 18:00:00,-0.0788,D
2021-01-07 19:00:00,-0.1511,D
2021-01-07 20:00:00,-0.1769,D
2021-01-07 21:00:00,-0.0238,D
2021-01-07 22:00:00,-0.3621,D
2021-01-07 23:00:00,-0.1717,D
2021-01-08 00:00:00,-0.0828,D
2021-01-08 01:00:00,-0.0225,D
2021-01-08 02:00:00,0.1289,D
2021-01-08 03:00:00,0.2533,D
2021-01-08 04:00:00,0.2642,D
2021-01-08 05:00:00,0.5985,D
2021-01-08 06:00:00,0.8430,D
2021-01-08 07:00:00,0.8002,D
2021-01-08 08:00:00,0.9521,D
2021-01-08 09:00:00,1.0681,D
2021-01-08 10:00:00,0.7624,D
2021-01-08 11:00:00,0.9586,D
2021-01-08 12:00:00,0.7864,D
2021-01-08 13:00:00,0.6762,D
2021-01-08 14:00:00,0.3169,D
2021-01-08 15:00:00,0.1632,D
2021-01-08 16:00:00,0.0001,D
2021-01-08 17:00:00,-0.0749,D
2021-01-08 18:00:00,-0.3953,D
2021-01-08 19:00:00,-0.8309,D
2021-01-08 20:00:00,-0.9472,D
2021-01-08 21:00:00,-1.1770,D
2021-01-08 22:00:00,-1.2245,D
2021-01-08 23:00:00,-1.1941,D
2021-01-09 00:00:00,-1.2040,D
2021-01-09 01:00:00,-1.1130,D
2021-01-09 02:00:00,-0.9847,D
2021-01-09 03:00:00,-0.8882,D
2021-01-09 04:00:00,-0.6858,D
2021-01-09 05:00:00,-0.5192,D
2021-01-09 06:00:00,-0.2902,D
2021-01-09 07:00:00,0.0106,D
2021-01-09 08:00:00,0.1240,D
2021-01-09 09:00:00,0.2417,D
2021-01-09 10:00:00,0.2764,D
2021-01-09 11:00:00,0.4421,D
2021-01-09 12:00:00,0.4247,D
2021-01-09 13:00:00,0.5870,D
2021-01-09 14:00:00,0.4459,D
2021-01-09 15:00:00,0.2951,D
2021-01-09 16:00:00,0.2347,D
2021-01-09 17:00:00,0.1187,D
2021-01-09 18:00:00,0.0649,D
2021-01-09 19:00:00,-0.1019,D
2021-01-09 20:00:00,0.0178,D
2021-01-09 21:00:00,-0.1548,D
2021-01-09 22:00:00,-0.0725,D
2021-01-09 23:00:00,-0.3055,D
2021-01-10 00:00:00,-0.2582,D
2021-01-10 01:00:00,0.0346,D
2021-01-10 02:00:00,-0.0217,D
2021-01-10 03:00:00,0.1995,D
2021-01-10 04:00:00,0.4181,D
2021-01-10 05:00:00,0.5925,D
2021-01-10 06:00:00,0.8733,D
2021-01-10 07:00:00,0.8154,D
2021-01-10 08:00:00,0.9365,D
2021-01-10 09:00:00,1.1117,D
2021-01-10 10:00:00,1.0654,D
2021-01-10 11:00:00,0.9137,D
2021-01-10 12:00:00,0.8437,D
2021-01-10 13:00:00,0.7488,D
2021-01-10 14:00:00,0.4100,D
2021-01-10 15:00:00,0.3805,D
2021-01-10 16:00:00,-0.1194,D
2021-01-10 17:00:00,-0.3262,D
2021-01-10 18:00:00,-0.5817,D
2021-01-10 19:00:00,-0.6389,D
2021-01-10 20:00:00,-0.8691,D
2021-01-10 21:00:00,-1.0384,D
2021-01-10 22:00:00,-1.3990,D
2021-01-10 23:00:00,-1.2383,D
2021-01-01 00:00:00,-2.3803,E
2021-01-01 01:00:00,-2.1421,E
2021-01-01 02:00:00,-2.1426,E
2021-01-01 03:00:00,-1.7060,E
2021-01-01 04:00:00,-1.4287,E
2021-01-01 05:00:00,-0.9724,E
2021-01-01 06:00:00,-0.7107,E
2021-01-01 07:00:00,-0.3271,E
2021-01-01 08:00:00,0.2231,E
2021-01-01 09:00:00,0.4333,E
2021-01-01 10:00:00,0.9984,E
2021-01-01 11:00:00,1.0902,E
2021-01-01 12:00:00,1.4327,E
2021-01-01 13:00:00,1.6625,E
2021-01-01 14:00:00,1.7250,E
2021-01-01 15:00:00,1.4750,E
2021-01-01 16:00:00,1.1991,E
2021-01-01 17:00:00,1.3585,E
2021-01-01 18:00:00,1.1460,E
2021-01-01 19:00:00,0.7972,E
2021-01-01 20:00:00,0.7226,E
2021-01-01 21:00:00,0.5440,E
2021-01-01 22:00:00,0.4636,E
2021-01-01 23:00:00,0.2445,E
2021-01-02 00:00:00,0.1579,E
2021-01-02 01:00:00,0.2881,E
2021-01-02 02:00:00,0.2153,E
2021-01-02 03:00:00,0.2229,E
2021-01-02 04:00:00,0.2189,E
2021-01-02 05:00:00,0.4409,E
2021-01-02 06:00:00,0.6753,E
2021-01-02 07:00:00,0.6226,E
2021-01-02 08:00:00,0.8341,E
2021-01-02 09:00:00,0.7763,E
2021-01-02 10:00:00,0.8892,E
2021-01-02 11:00:00,0.8557,E
2021-01-02 12:00:00,0.7685,E
2021-01-02 13:00:00,0.3621,E
2021-01-02 14:00:00,0.1774,E
2021-01-02 15:00:00,0.1677,E
2021-01-02 16:00:00,-0.5306,E
2021-01-02 17:00:00,-0.8536,E
2021-01-02 18:00:00,-1.0046,E
2021-01-02 19:00:00,-1.4707,E
2021-01-02 20:00:00,-1.5897,E
2021-01-02 21:00:00,-1.9741,E
2021-01-02 22:00:00,-2.2203,E
2021-01-02 23:00:00,-2.2451,E
2021-01-03 00:00:00,-2.2037,E
2021-01-03 01:00:00,-2.2423,E
2021-01-03 02:00:00,-2.1115,E
2021-01-03 03:00:00,-1.6417,E
2021-01-03 04:00:00,-1.3598,E
2021-01-03 05:00:00,-1.0560,E
2021-01-03 06:00:00,-0.7440,E
2021-01-03 07:00:00,-0.1264,E
2021-01-03 08:00:00,-0.0101,E
2021-01-03 09:00:00,0.5424,E
2021-01-03 10:00:00,0.8490,E
2021-01-03 11:00:00,1.1205,E
2021-01-03 12:00:00,1.3655,E
2021-01-03 13:00:00,1.4683,E
2021-01-03 14:00:00,1.5326,E
2021-01-03 15:00:00,1.4040,E
2021-01-03 16:00:00,1.4258,E
2021-01-03 17:00:00,1.3809,E
2021-01-03 18:00:00,1.1683,E
2021-01-03 19:00:00,0.8218,E
2021-01-03 20:00:00,0.6806,E
2021-01-03 21:00:00,0.6892,E
2021-01-03 22:00:00,0.5369,E
2021-01-03 23:00:00,0.2068,E
2021-01-04 00:00:00,0.0823,E
2021-01-04 01:00:00,0.0196,E
2021-01-04 02:00:00,0.0734,E
2021-01-04 03:00:00,0.3037,E
2021-01-04 04:00:00,0.5046,E
2021-01-04 05:00:00,0.4427,E
2021-01-04 06:00:00,0.4279,E
2021-01-04 07:00:00,0.6566,E
2021-01-04 08:00:00,0.7280,E
2021-01-04 09:00:00,1.0312,E
2021-01-04 10:00:00,0.8340,E
2021-01-04 11:00:00,0.9517,E
2021-01-04 12:00:00,0.5741,E
2021-01-04 13:00:00,0.6685,E
2021-01-04 14:00:00,0.0644,E
2021-01-04 15:00:00,-0.0837,E
2021-01-04 16:00:00,-0.3063,E
2021-01-04 17:00:00,-0.9148,E
2021-01-04 18:00:00,-1.0682,E
2021-01-04 19:00:00,-1.5304,E
2021-01-04 20:00:00,-1.9115,E
2021-01-04 21:00:00,-1.8760,E
2021-01-04 22:00:00,-2.0866,E
2021-01-04 23:00:00,-2.3145,E
2021-01-05 00:00:00,-2.3297,E
2021-01-05 01:00:00,-2.1807,E
2021-01-05 02:00:00,-2.0806,E
2021-01-05 03:00:00,-1.8345,E
2021-01-05 04:00:00,-1.4576,E
2021-01-05 05:00:00,-1.0551,E
2021-01-05 06:00:00,-0.3907,E
2021-01-05 07:00:00,-0.2825,E
2021-01-05 08:00:00,0.0477,E
2021-01-05 09:00:00,0.4737,E
2021-01-05 10:00:00,0.7124,E
2021-01-05 11:00:00,1.2289,E
2021-01-05 12:00:00,1.5761,E
2021-01-05 13:00:00,1.4865,E
2021-01-05 14:00:00,1.4546,E
2021-01-05 15:00:00,1.3138,E
2021-01-05 16:00:00,1.3138,E
2021-01-05 17:00:00,1.2240,E
2021-01-05 18:00:00,1.0296,E
2021-01-05 19:00:00,0.8568,E
2021-01-05 20:00:00,0.6376,E
2021-01-05 21:00:00,0.4711,E
2021-01-05 22:00:00,0.3957,E
2021-01-05 23:00:00,0.1834,E
2021-01-06 00:00:00,0.1681,E
2021-01-06 01:00:00,0.2916,E
2021-01-06 02:00:00,0.3244,E
2021-01-06 03:00:00,0.2624,E
2021-01-06 04:00:00,0.4262,E
2021-01-06 05:00:00,0.4513,E
2021-01-06 06:00:00,0.5520,E
2021-01-06 07:00:00,0.8053,E
2021-01-06 08:00:00,0.8276,E
2021-01-06 09:00:00,0.8676,E
2021-01-06 10:00:00,0.8616,E
2021-01-06 11:00:00,0.9155,E
2021-01-06 12:00:00,0.7465,E
2021-01-06 13:00:00,0.5585,E
2021-01-06 14:00:00,0.3523,E
2021-01-06 15:00:00,-0.0283,E
2021-01-06 16:00:00,-0.3126,E
2021-01-06 17:00:00,-0.5995,E
2021-01-06 18:00:00,-1.1744,E
2021-01-06 19:00:00,-1.4558,E
2021-01-06 20:00:00,-1.8244,E
2021-01-06 21:00:00,-2.0054,E
2021-01-06 22:00:00,-2.1456,E
2021-01-06 23:00:00,-2.2562,E
2021-01-07 00:00:00,-2.3903,E
2021-01-07 01:00:00,-2.0815,E
2021-01-07 02:00:00,-2.1206,E
2021-01-07 03:00:00,-1.7236,E
2021-01-07 04:00:00,-1.3505,E
2021-01-07 05:00:00,-1.0816,E
2021-01-07 06:00:00,-0.6344,E
2021-01-07 07:00:00,-0.2955,E
2021-01-07 08:00:00,0.2598,E
2021-01-07 09:00:00,0.5685,E
2021-01-07 10:00:00,0.9416,E
2021-01-07 11:00:00,1.0993,E
2021-01-07 12:00:00,1.2758,E
2021-01-07 13:00:00,1.5232,E
2021-01-07 14:00:00,1.5486,E
2021-01-07 15:00:00,1.5524,E
2021-01-07 16:00:00,1.5334,E
2021-01-07 17:00:00,1.2830,E
2021-01-07 18:00:00,1.0881,E
2021-01-07 19:00:00,1.0021,E
2021-01-07 20:00:00,0.8103,E
2021-01-07 21:00:00,0.5871,E
2021-01-07 22:00:00,0.4330,E
2021-01-07 23:00:00,0.3268,E
2021-01-08 00:00:00,0.3960,E
2021-01-08 01:00:00,0.1256,E
2021-01-08 02:00:00,0.1247,E
2021-01-08 03:00:00,0.2452,E
2021-01-08 04:00:00,0.3043,E
2021-01-08 05:00:00,0.5168,E
2021-01-08 06:00:00,0.6508,E
2021-01-08 07:00:00,0.7868,E
2021-01-08 08:00:00,0.7852,E
2021-01-08 09:00:00,0.8987,E
2021-01-08 10:00:00,0.8216,E
2021-01-08 11:00:00,0.9131,E
2021-01-08 12:00:00,0.9663,E
2021-01-08 13:00:00,0.4836,E
2021-01-08 14:00:00,0.3697,E
2021-01-08 15:00:00,0.0425,E
2021-01-08 16:00:00,-0.3254,E
2021-01-08 17:00:00,-0.4283,E
2021-01-08 18:00:00,-1.1211,E
2021-01-08 19:00:00,-1.4472,E
2021-01-08 20:00:00,-1.8163,E
2021-01-08 21:00:00,-2.0421,E
2021-01-08 22:00:00,-2.0051,E
2021-01-08 23:00:00,-2.4501,E
2021-01-09 00:00:00,-2.3970,E
2021-01-09 01:00:00,-2.2963,E
2021-01-09 02:00:00,-2.0089,E
2021-01-09 03:00:00,-1.7350,E
2021-01-09 04:00:00,-1.4781,E
2021-01-09 05:00:00,-1.0689,E
2021-01-09 06:00:00,-0.4918,E
2021-01-09 07:00:00,-0.3544,E
2021-01-09 08:00:00,0.2518,E
2021-01-09 09:00:00,0.5697,E
2021-01-09 10:00:00,0.9586,E
2021-01-09 11:00:00,1.2685,E
2021-01-09 12:00:00,1.3752,E
2021-01-09 13:00:00,1.4924,E
2021-01-09 14:00:00,1.6831,E
2021-01-09 15:00:00,1.4781,E
2021-01-09 16:00:00,1.6140,E
2021-01-09 17:00:00,1.2623,E
2021-01-09 18:00:00,0.9239,E
2021-01-09 19:00:00,0.9021,E
2021-01-09 20:00:00,0.8944,E
2021-01-09 21:00:00,0.5982,E
2021-01-09 22:00:00,0.4364,E
2021-01-09 23:00:00,0.3280,E
2021-01-10 00:00:00,0.1784,E
2021-01-10 01:00:00,0.2169,E
2021-01-10 02:00:00,-0.1322,E
2021-01-10 03:00:00,0.3182,E
2021-01-10 04:00:00,0.3276,E
2021-01-10 05:00:00,0.4292,E
2021-01-10 06:00:00,0.6618,E
2021-01-10 07:00:00,0.7883,E
2021-01-10 08:00:00,0.9166,E
2021-01-10 09:00:00,0.8469,E
2021-01-10 10:00:00,0.9059,E
2021-01-10 11:00:00,0.9666,E
2021-01-10 12:00:00,0.5355,E
2021-01-10 13:00:00,0.5957,E
2021-01-10 14:00:00,0.2243,E
2021-01-10 15:00:00,0.2175,E
2021-01-10 16:00:00,-0.3377,E
2021-01-10 17:00:00,-0.5905,E
2021-01-10 18:00:00,-1.0272,E
2021-01-10 19:00:00,-1.3643,E
2021-01-10 20:00:00,-1.8283,E
2021-01-10 21:00:00,-2.0439,E
2021-01-10 22:00:00,-2.1105,E
2021-01-10 23:00:00,-2.2506,E
2021-01-01 00:00:00,-0.2447,F
2021-01-01 01:00:00,-0.3477,F
2021-01-01 02:00:00,-0.3271,F
2021-01-01 03:00:00,-0.3088,F
2021-01-01 04:00:00,-0.4284,F
2021-01-01 05:00:00,-0.3199,F
2021-01-01 06:00:00,-0.1824,F
2021-01-01 07:00:00,0.0324,F
2021-01-01 08:00:00,0.4955,F
2021-01-01 09:00:00,0.4640,F
2021-01-01 10:00:00,0.6129,F
2021-01-01 11:00:00,0.6398,F
2021-01-01 12:00:00,0.9182,F
2021-01-01 13:00:00,0.9949,F
2021-01-01 14:00:00,1.0701,F
2021-01-01 15:00:00,1.3260,F
2021-01-01 16:00:00,1.2399,F
2021-01-01 17:00:00,1.2492,F
2021-01-01 18:00:00,1.0674,F
2021-01-01 19:00:00,0.8109,F
2021-01-01 20:00:00,0.7495,F
2021-01-01 21:00:00,0.5136,F
2021-01-01 22:00:00,0.1241,F
2021-01-01 23:00:00,-0.0739,F
2021-01-02 00:00:00,-0.3422,F
2021-01-02 01:00:00,-0.6703,F
2021-01-02 02:00:00,-0.8520,F
2021-01-02 03:00:00,-1.1185,F
2021-01-02 04:00:00,-1.0534,F
2021-01-02 05:00:00,-1.3404,F
2021-01-02 06:00:00,-1.2550,F
2021-01-02 07:00:00,-1.0933,F
2021-01-02 08:00:00,-0.9177,F
2021-01-02 09:00:00,-0.9649,F
2021-01-02 10:00:00,-0.7933,F
2021-01-02 11:00:00,-0.6137,F
2021-01-02 12:00:00,-0.3024,F
2021-01-02 13:00:00,-0.2082,F
2021-01-02 14:00:00,-0.0542,F
2021-01-02 15:00:00,0.2398,F
2021-01-02 16:00:00,-0.0106,F
2021-01-02 17:00:00,0.2339,F
2021-01-02 18:00:00,0.2481,F
2021-01-02 19:00:00,0.2109,F
2021-01-02 20:00:00,0.2376,F
2021-01-02 21:00:00,0.1401,F
2021-01-02 22:00:00,0.0551,F
2021-01-02 23:00:00,-0.2200,F
2021-01-03 00:00:00,-0.3416,F
2021-01-03 01:00:00,-0.3201,F
2021-01-03 02:00:00,-0.3030,F
2021-01-03 03:00:00,-0.4149,F
2021-01-03 04:00:00,-0.2418,F
2021-01-03 05:00:00,-0.1663,F
2021-01-03 06:00:00,-0.1279,F
2021-01-03 07:00:00,0.0423,F
2021-01-03 08:00:00,0.1921,F
2021-01-03 09:00:00,0.4257,F
2021-01-03 10:00:00,0.5972,F
2021-01-03 11:00:00,0.6248,F
2021-01-03 12:00:00,0.8881,F
2021-01-03 13:00:00,1.2267,F
2021-01-03 14:00:00,1.2106,F
2021-01-03 15:00:00,1.2381,F
2021-01-03 16:00:00,1.2662,F
2021-01-03 17:00:00,1.2349,F
2021-01-03 18:00:00,1.2129,F
2021-01-03 19:00:00,0.9790,F
2021-01-03 20:00:00,0.6834,F
2021-01-03 21:00:00,0.4255,F
2021-01-03 22:00:00,0.1405,F
2021-01-03 23:00:00,-0.2754,F
2021-01-04 00:00:00,-0.2041,F
2021-01-04 01:00:00,-0.7899,F
2021-01-04 02:00:00,-0.7913,F
2021-01-04 03:00:00,-0.8977,F
2021-01-04 04:00:00,-1.0719,F
2021-01-04 05:00:00,-1.0693,F
2021-01-04 06:00:00,-1.3639,F
2021-01-04 07:00:00,-1.1769,F
2021-01-04 08:00:00,-0.9035,F
2021-01-04 09:00:00,-0.9805,F
2021-01-04 10:00:00,-0.6834,F
2021-01-04 11:00:00,-0.4487,F
2021-01-04 12:00:00,-0.3704,F
2021-01-04 13:00:00,-0.0239,F
2021-01-04 14:00:00,-0.0392,F
2021-01-04 15:00:00,0.1353,F
2021-01-04 16:00:00,0.0782,F
2021-01-04 17:00:00,0.0481,F
2021-01-04 18:00:00,0.3165,F
2021-01-04 19:00:00,0.2453,F
2021-01-04 20:00:00,0.0829,F
2021-01-04 21:00:00,-0.0082,F
2021-01-04 22:00:00,-0.2174,F
2021-01-04 23:00:00,-0.1409,F
2021-01-05 00:00:00,-0.1862,F
2021-01-05 01:00:00,-0.4171,F
2021-01-05 02:00:00,-0.1559,F
2021-01-05 03:00:00,-0.2090,F
2021-01-05 04:00:00,-0.4112,F
2021-01-05 05:00:00,-0.2640,F
2021-01-05 06:00:00,-0.3256,F
2021-01-05 07:00:00,0.0998,F
2021-01-05 08:00:00,0.2668,F
2021-01-05 09:00:00,0.3396,F
2021-01-05 10:00:00,0.8812,F
2021-01-05 11:00:00,0.6792,F
2021-01-05 12:00:00,0.8572,F
2021-01-05 13:00:00,1.0586,F
2021-01-05 14:00:00,1.2045,F
2021-01-05 15:00:00,1.3979,F
2021-01-05 16:00:00,0.9586,F
2021-01-05 17:00:00,1.0903,F
2021-01-05 18:00:00,1.3518,F
2021-01-05 19:00:00,0.8726,F
2021-01-05 20:00:00,0.5698,F
2021-01-05 21:00:00,0.5153,F
2021-01-05 22:00:00,0.1563,F
2021-01-05 23:00:00,0.0051,F
2021-01-06 00:00:00,-0.3374,F
2021-01-06 01:00:00,-0.7088,F
2021-01-06 02:00:00,-0.7212,F
2021-01-06 03:00:00,-0.9165,F
2021-01-06 04:00:00,-1.1657,F
2021-01-06 05:00:00,-1.3258,F
2021-01-06 06:00:00,-1.1379,F
2021-01-06 07:00:00,-1.1669,F
2021-01-06 08:00:00,-1.0472,F
2021-01-06 09:00:00,-0.8594,F
2021-01-06 10:00:00,-0.6327,F
2021-01-06 11:00:00,-0.7582,F
2021-01-06 12:00:00,-0.3934,F
2021-01-06 13:00:00,-0.2052,F
2021-01-06 14:00:00,-0.2112,F
2021-01-06 15:00:00,0.0888,F
2021-01-06 16:00:00,0.0569,F
2021-01-06 17:00:00,0.1775,F
2021-01-06 18:00:00,0.2493,F
2021-01-06 19:00:00,0.2035,F
2021-01-06 20:00:00,0.1847,F
2021-01-06 21:00:00,-0.1320,F
2021-01-06 22:00:00,0.0612,F
2021-01-06 23:00:00,-0.1082,F
2021-01-07 00:00:00,-0.2196,F
2021-01-07 01:00:00,-0.3814,F
2021-01-07 02:00:00,-0.4927,F
2021-01-07 03:00:00,-0.3003,F
2021-01-07 04:00:00,-0.3936,F
2021-01-07 05:00:00,-0.2428,F
2021-01-07 06:00:00,0.0619,F
2021-01-07 07:00:00,-0.0471,F
2021-01-07 08:00:00,0.0787,F
2021-01-07 09:00:00,0.2948,F
2021-01-07 10:00:00,0.5031,F
2021-01-07 11:00:00,0.6957,F
2021-01-07 12:00:00,0.7932,F
2021-01-07 13:00:00,1.1450,F
2021-01-07 14:00:00,1.1653,F
2021-01-07 15:00:00,1.4032,F
2021-01-07 16:00:00,1.3273,F
2021-01-07 17:00:00,1.2086,F
2021-01-07 18:00:00,1.1961,F
2021-01-07 19:00:00,0.8318,F
2021-01-07 20:00:00,0.7858,F
2021-01-07 21:00:00,0.4615,F
2021-01-07 22:00:00,0.3050,F
2021-01-07 23:00:00,0.0126,F
2021-01-08 00:00:00,-0.1315,F
2021-01-08 01:00:00,-0.4020,F
2021-01-08 02:00:00,-0.8979,F
2021-01-08 03:00:00,-0.9620,F
2021-01-08 04:00:00,-1.0404,F
2021-01-08 05:00:00,-1.1935,F
2021-01-08 06:00:00,-1.1437,F
2021-01-08 07:00:00,-1.0353,F
2021-01-08 08:00:00,-1.1462,F
2021-01-08 09:00:00,-0.9829,F
2021-01-08 10:00:00,-0.7334,F
2021-01-08 11:00:00,-0.6005,F
2021-01-08 12:00:00,-0.5568,F
2021-01-08 13:00:00,-0.1317,F
2021-01-08 14:00:00,-0.1335,F
2021-01-08 15:00:00,0.0570,F
2021-01-08 16:00:00,0.0855,F
2021-01-08 17:00:00,0.2902,F
2021-01-08 18:00:00,0.2492,F
2021-01-08 19:00:00,0.2137,F
2021-01-08 20:00:00,0.1269,F
2021-01-08 21:00:00,0.0504,F
2021-01-08 22:00:00,-0.0240,F
2021-01-08 23:00:00,-0.1795,F
2021-01-09 00:00:00,-0.2718,F
2021-01-09 01:00:00,-0.2437,F
2021-01-09 02:00:00,-0.2901,F
2021-01-09 03:00:00,-0.4598,F
2021-01-09 04:00:00,-0.2071,F
2021-01-09 05:00:00,-0.1404,F
2021-01-09 06:00:00,0.0291,F
2021-01-09 07:00:00,-0.0602,F
2021-01-09 08:00:00,0.2199,F
2021-01-09 09:00:00,0.6308,F
2021-01-09 10:00:00,0.7477,F
2021-01-09 11:00:00,0.8712,F
2021-01-09 12:00:00,0.9214,F
2021-01-09 13:00:00,1.2476,F
2021-01-09 14:00:00,1.3495,F
2021-01-09 15:00:00,1.4148,F
2021-01-09 16:00:00,1.2534,F
2021-01-09 17:00:00,1.2059,F
2021-01-09 18:00:00,1.2878,F
2021-01-09 19:00:00,0.7940,F
2021-01-09 20:00:00,0.7931,F
2021-01-09 21:00:00,0.4061,F
2021-01-09 22:00:00,0.2543,F
2021-01-09 23:00:00,-0.1179,F
2021-01-10 00:00:00,-0.4312,F
2021-01-10 01:00:00,-0.5980,F
2021-01-10 02:00:00,-0.6975,F
2021-01-10 03:00:00,-1.1201,F
2021-01-10 04:00:00,-1.1031,F
2021-01-10 05:00:00,-1.2175,F
2021-01-10 06:00:00,-1.3500,F
2021-01-10 07:00:00,-1.1758,F
2021-01-10 08:00:00,-1.1342,F
2021-01-10 09:00:00,-0.9702,F
2021-01-10 10:00:00,-0.7518,F
2021-01-10 11:00:00,-0.4886,F
2021-01-10 12:00:00,-0.4346,F
2021-01-10 13:00:00,-0.2690,F
2021-01-10 14:00:00,0.0068,F
2021-01-10 15:00:00,0.0529,F
2021-01-10 16:00:00,0.3696,F
2021-01-10 17:00:00,-0.0544,F
2021-01-10 18:00:00,0.4263,F
2021-01-10 19:00:00,0.1667,F
2021-01-10 20:00:00,0.0413,F
2021-01-10 21:00:00,0.0534,F
2021-01-10 22:00:00,-0.0674,F
2021-01-10 23:00:00,-0.1309,F
2021-01-01 00:00:00,2.2647,G
2021-01-01 01:00:00,2.4262,G
2021-01-01 02:00:00,2.4434,G
2021-01-01 03:00:00,2.4307,G
2021-01-01 04:00:00,2.3258,G
2021-01-01 05:00:00,2.0465,G
2021-01-01 06:00:00,1.6323,G
2021-01-01 07:00:00,1.1874,G
2021-01-01 08:00:00,0.6649,G
2021-01-01 09:00:00,0.1275,G
2021-01-01 10:00:00,-0.3421,G
2021-01-01 11:00:00,-1.0693,G
2021-01-01 12:00:00,-1.4748,G
2021-01-01 13:00:00,-1.8716,G
2021-01-01 14:00:00,-2.1447,G
2021-01-01 15:00:00,-2.0797,G
2021-01-01 16:00:00,-2.3742,G
2021-01-01 17:00:00,-2.4449,G
2021-01-01 18:00:00,-2.3684,G
2021-01-01 19:00:00,-2.1879,G
2021-01-01 20:00:00,-1.9333,G
2021-01-01 21:00:00,-1.6226,G
2021-01-01 22:00:00,-1.1311,G
2021-01-01 23:00:00,-0.8316,G
2021-01-02 00:00:00,-0.4003,G
2021-01-02 01:00:00,-0.2730,G
2021-01-02 02:00:00,0.4221,G
2021-01-02 03:00:00,0.3150,G
2021-01-02 04:00:00,0.6385,G
2021-01-02 05:00:00,0.6325,G
2021-01-02 06:00:00,0.5582,G
2021-01-02 07:00:00,0.3786,G
2021-01-02 08:00:00,0.2674,G
2021-01-02 09:00:00,0.3386,G
2021-01-02 10:00:00,0.0681,G
2021-01-02 11:00:00,-0.4009,G
2021-01-02 12:00:00,-0.4549,G
2021-01-02 13:00:00,-0.4000,G
2021-01-02 14:00:00,-0.5768,G
2021-01-02 15:00:00,-0.2881,G
2021-01-02 16:00:00,-0.2119,G
2021-01-02 17:00:00,-0.2610,G
2021-01-02 18:00:00,0.2971,G
2021-01-02 19:00:00,0.4561,G
2021-01-02 20:00:00,0.7626,G
2021-01-02 21:00:00,1.4179,G
2021-01-02 22:00:00,1.6739,G
2021-01-02 23:00:00,1.9718,G
2021-01-03 00:00:00,2.2721,G
2021-01-03 01:00:00,2.4160,G
2021-01-03 02:00:00,2.5781,G
2021-01-03 03:00:00,2.2893,G
2021-01-03 04:00:00,2.1842,G
2021-01-03 05:00:00,2.1024,G
2021-01-03 06:00:00,1.7108,G
2021-01-03 07:00:00,1.2130,G
2021-01-03 08:00:00,0.6316,G
2021-01-03 09:00:00,0.3110,G
2021-01-03 10:00:00,-0.4016,G
2021-01-03 11:00:00,-1.0090,G
2021-01-03 12:00:00,-1.4346,G
2021-01-03 13:00:00,-1.8579,G
2021-01-03 14:00:00,-2.0737,G
2021-01-03 15:00:00,-2.4210,G
2021-01-03 16:00:00,-2.6299,G
2021-01-03 17:00:00,-2.6240,G
2021-01-03 18:00:00,-2.2304,G
2021-01-03 19:00:00,-2.1106,G
2021-01-03 20:00:00,-1.8190,G
2021-01-03 21:00:00,-1.5891,G
2021-01-03 22:00:00,-1.0956,G
2021-01-03 23:00:00,-0.6662,G
2021-01-04 00:00:00,-0.4264,G
2021-01-04 01:00:00,-0.0713,G
2021-01-04 02:00:00,0.1574,G
2021-01-04 03:00:00,0.5181,G
2021-01-04 04:00:00,0.4764,G
2021-01-04 05:00:00,0.5646,G
2021-01-04 06:00:00,0.5350,G
2021-01-04 07:00:00,0.3689,G
2021-01-04 08:00:00,0.3547,G
2021-01-04 09:00:00,0.0351,G
2021-01-04 10:00:00,-0.1182,G
2021-01-04 11:00:00,-0.2927,G
2021-01-04 12:00:00,-0.3171,G
2021-01-04 13:00:00,-0.4843,G
2021-01-04 14:00:00,-0.5069,G
2021-01-04 15:00:00,-0.4260,G
2021-01-04 16:00:00,-0.2021,G
2021-01-04 17:00:00,0.0498,G
2021-01-04 18:00:00,0.2472,G
2021-01-04 19:00:00,0.5193,G
2021-01-04 20:00:00,0.8634,G
2021-01-04 21:00:00,1.1724,G
2021-01-04 22:00:00,1.8708,G
2021-01-04 23:00:00,1.8204,G
2021-01-05 00:00:00,2.0215,G
2021-01-05 01:00:00,2.4409,G
2021-01-05 02:00:00,2.2650,G
2021-01-05 03:00:00,2.4313,G
2021-01-05 04:00:00,2.2720,G
2021-01-05 05:00:00,1.9120,G
2021-01-05 06:00:00,1.7295,G
2021-01-05 07:00:00,1.2712,G
2021-01-05 08:00:00,0.8028,G
2021-01-05 09:00:00,0.4061,G
2021-01-05 10:00:00,-0.5155,G
2021-01-05 11:00:00,-0.8907,G
2021-01-05 12:00:00,-1.4993,G
2021-01-05 13:00:00,-1.8036,G
2021-01-05 14:00:00,-2.1157,G
2021-01-05 15:00:00,-2.2876,G
2021-01-05 16:00:00,-2.4700,G
2021-01-05 17:00:00,-2.3018,G
2021-01-05 18:00:00,-2.3660,G
2021-01-05 19:00:00,-2.0089,G
2021-01-05 20:00:00,-1.9438,G
2021-01-05 21:00:00,-1.3825,G
2021-01-05 22:00:00,-1.3350,G
2021-01-05 23:00:00,-0.6451,G
2021-01-06 00:00:00,-0.5505,G
2021-01-06 01:00:00,0.1525,G
2021-01-06 02:00:00,0.1082,G
2021-01-06 03:00:00,0.3949,G
2021-01-06 04:00:00,0.4521,G
2021-01-06 05:00:00,0.7138,G
2021-01-06 06:00:00,0.5685,G
2021-01-06 07:00:00,0.3577,G
2021-01-06 08:00:00,0.2949,G
2021-01-06 09:00:00,0.0986,G
2021-01-06 10:00:00,0.1114,G
2021-01-06 11:00:00,-0.3701,G
2021-01-06 12:00:00,-0.4529,G
2021-01-06 13:00:00,-0.5614,G
2021-01-06 14:00:00,-0.5670,G
2021-01-06 15:00:00,-0.3430,G
2021-01-06 16:00:00,-0.2461,G
2021-01-06 17:00:00,0.1208,G
2021-01-06 18:00:00,0.2296,G
2021-01-06 19:00:00,0.6637,G
2021-01-06 20:00:00,0.5533,G
2021-01-06 21:00:00,1.3766,G
2021-01-06 22:00:00,1.6908,G
2021-01-06 23:00:00,1.8729,G
2021-01-07 00:00:00,2.2222,G
2021-01-07 01:00:00,2.3549,G
2021-01-07 02:00:00,2.4558,G
2021-01-07 03:00:00,2.5857,G
2021-01-07 04:00:00,2.2039,G
2021-01-07 05:00:00,1.7518,G
2021-01-07 06:00:00,1.7374,G
2021-01-07 07:00:00,1.2784,G
2021-01-07 08:00:00,0.7749,G
2021-01-07 09:00:00,0.1118,G
2021-01-07 10:00:00,-0.4374,G
2021-01-07 11:00:00,-0.9470,G
2021-01-07 12:00:00,-1.3416,G
2021-01-07 13:00:00,-1.9291,G
2021-01-07 14:00:00,-2.0833,G
2021-01-07 15:00:00,-2.2178,G
2021-01-07 16:00:00,-2.5534,G
2021-01-07 17:00:00,-2.3761,G
2021-01-07 18:00:00,-2.2164,G
2021-01-07 19:00:00,-2.0789,G
2021-01-07 20:00:00,-2.0069,G
2021-01-07 21:00:00,-1.4539,G
2021-01-07 22:00:00,-1.1272,G
2021-01-07 23:00:00,-0.6499,G
2021-01-08 00:00:00,-0.3873,G
2021-01-08 01:00:00,-0.0035,G
2021-01-08 02:00:00,0.2271,G
2021-01-08 03:00:00,0.6482,G
2021-01-08 04:00:00,0.4179,G
2021-01-08 05:00:00,0.5814,G
2021-01-08 06:00:00,0.5439,G
2021-01-08 07:00:00,0.4932,G
2021-01-08 08:00:00,0.2831,G
2021-01-08 09:00:00,0.1900,G
2021-01-08 10:00:00,-0.1143,G
2021-01-08 11:00:00,-0.3708,G
2021-01-08 12:00:00,-0.4044,G
2021-01-08 13:00:00,-0.4221,G
2021-01-08 14:00:00,-0.2678,G
2021-01-08 15:00:00,-0.3190,G
2021-01-08 16:00:00,-0.2732,G
2021-01-08 17:00:00,-0.2298,G
2021-01-08 18:00:00,0.0879,G
2021-01-08 19:00:00,0.5674,G
2021-01-08 20:00:00,1.0337,G
2021-01-08 21:00:00,1.3319,G
2021-01-08 22:00:00,1.5572,G
2021-01-08 23:00:00,1.9268,G
2021-01-09 00:00:00,2.1124,G
2021-01-09 01:00:00,2.4622,G
2021-01-09 02:00:00,2.3308,G
2021-01-09 03:00:00,2.5070,G
2021-01-09 04:00:00,2.1356,G
2021-01-09 05:00:00,1.8604,G
2021-01-09 06:00:00,1.6191,G
2021-01-09 07:00:00,1.0796,G
2021-01-09 08:00:00,0.8277,G
2021-01-09 09:00:00,0.2416,G
2021-01-09 10:00:00,-0.5503,G
2021-01-09 11:00:00,-0.9353,G
2021-01-09 12:00:00,-1.6082,G
2021-01-09 13:00:00,-2.0194,G
2021-01-09 14:00:00,-2.0924,G
2021-01-09 15:00:00,-2.2169,G
2021-01-09 16:00:00,-2.5771,G
2021-01-09 17:00:00,-2.5146,G
2021-01-09 18:00:00,-2.4242,G
2021-01-09 19:00:00,-2.1337,G
2021-01-09 20:00:00,-1.7691,G
2021-01-09 21:00:00,-1.4383,G
2021-01-09 22:00:00,-1.1792,G
2021-01-09 23:00:00,-0.6560,G
2021-01-10 00:00:00,-0.5681,G
2021-01-10 01:00:00,-0.2621,G
2021-01-10 02:00:00,0.1901,G
2021-01-10 03:00:00,0.4537,G
2021-01-10 04:00:00,0.5231,G
2021-01-10 05:00:00,0.5908,G
2021-01-10 06:00:00,0.6723,G
2021-01-10 07:00:00,0.6050,G
2021-01-10 08:00:00,0.3327,G
2021-01-10 09:00:00,0.3270,G
2021-01-10 10:00:00,-0.0459,G
2021-01-10 11:00:00,-0.3720,G
2021-01-10 12:00:00,-0.4856,G
2021-01-10 13:00:00,-0.5140,G
2021-01-10 14:00:00,-0.4381,G
2021-01-10 15:00:00,-0.3514,G
2021-01-10 16:00:00,-0.2301,G
2021-01-10 17:00:00,-0.1970,G
2021-01-10 18:00:00,0.1270,G
2021-01-10 19:00:00,0.3918,G
2021-01-10 20:00:00,0.8977,G
2021-01-10 21:00:00,1.3973,G
2021-01-10 22:00:00,1.3225,G
2021-01-10 23:00:00,1.8509,G
2021-01-01 00:00:00,-0.7917,H
2021-01-01 01:00:00,-0.9609,H
2021-01-01 02:00:00,-0.9034,H
2021-01-01 03:00:00,-0.9602,H
2021-01-01 04:00:00,-1.2504,H
2021-01-01 05:00:00,-1.0630,H
2021-01-01 06:00:00,-0.9907,H
2021-01-01 07:00:00,-0.8110,H
2021-01-01 08:00:00,-0.5949,H
2021-01-01 09:00:00,-0.4978,H
2021-01-01 10:00:00,-0.0414,H
2021-01-01 11:00:00,0.2561,H
2021-01-01 12:00:00,0.5056,H
2021-01-01 13:00:00,0.7509,H
2021-01-01 14:00:00,0.8287,H
2021-01-01 15:00:00,1.1240,H
2021-01-01 16:00:00,1.4254,H
2021-01-01 17:00:00,1.5929,H
2021-01-01 18:00:00,1.4550,H
2021-01-01 19:00:00,1.6434,H
2021-01-01 20:00:00,1.5609,H
2021-01-01 21:00:00,1.5634,H
2021-01-01 22:00:00,1.3280,H
2021-01-01 23:00:00,1.2243,H
2021-01-02 00:00:00,0.7244,H
2021-01-02 01:00:00,0.7636,H
2021-01-02 02:00:00,0.5221,H
2021-01-02 03:00:00,0.2838,H
2021-01-02 04:00:00,0.2051,H
2021-01-02 05:00:00,-0.0853,H
2021-01-02 06:00:00,-0.2648,H
2021-01-02 07:00:00,-0.4019,H
2021-01-02 08:00:00,-0.4431,H
2021-01-02 09:00:00,-0.5095,H
2021-01-02 10:00:00,-0.7198,H
2021-01-02 11:00:00,-0.5347,H
2021-01-02 12:00:00,-0.5633,H
2021-01-02 13:00:00,-0.5671,H
2021-01-02 14:00:00,-0.3892,H
2021-01-02 15:00:00,-0.4644,H
2021-01-02 16:00:00,-0.4970,H
2021-01-02 17:00:00,-0.4535,H
2021-01-02 18:00:00,-0.2082,H
2021-01-02 19:00:00,-0.2740,H
2021-01-02 20:00:00,-0.6361,H
2021-01-02 21:00:00,-0.7344,H
2021-01-02 22:00:00,-0.7159,H
2021-01-02 23:00:00,-0.8766,H
2021-01-03 00:00:00,-0.7799,H
2021-01-03 01:00:00,-1.0141,H
2021-01-03 02:00:00,-1.0074,H
2021-01-03 03:00:00,-1.1049,H
2021-01-03 04:00:00,-1.0797,H
2021-01-03 05:00:00,-0.9327,H
2021-01-03 06:00:00,-0.8684,H
2021-01-03 07:00:00,-0.9177,H
2021-01-03 08:00:00,-0.5645,H
2021-01-03 09:00:00,-0.2975,H
2021-01-03 10:00:00,-0.1967,H
2021-01-03 11:00:00,0.1956,H
2021-01-03 12:00:00,0.4550,H
2021-01-03 13:00:00,0.5467,H
2021-01-03 14:00:00,1.0981,H
2021-01-03 15:00:00,1.1427,H
2021-01-03 16:00:00,1.5005,H
2021-01-03 17:00:00,1.4099,H
2021-01-03 18:00:00,1.4791,H
2021-01-03 19:00:00,1.4735,H
2021-01-03 20:00:00,1.4068,H
2021-01-03 21:00:00,1.5596,H
2021-01-03 22:00:00,1.3655,H
2021-01-03 23:00:00,1.1859,H
2021-01-04 00:00:00,1.0513,H
2021-01-04 01:00:00,0.7391,H
2021-01-04 02:00:00,0.4524,H
2021-01-04 03:00:00,0.4933,H
2021-01-04 04:00:00,0.0882,H
2021-01-04 05:00:00,-0.2657,H
2021-01-04 06:00:00,-0.3718,H
2021-01-04 07:00:00,-0.3537,H
2021-01-04 08:00:00,-0.6191,H
2021-01-04 09:00:00,-0.5244,H
2021-01-04 10:00:00,-0.4925,H
2021-01-04 11:00:00,-0.4765,H
2021-01-04 12:00:00,-0.4352,H
2021-01-04 13:00:00,-0.3851,H
2021-01-04 14:00:00,-0.5311,H
2021-01-04 15:00:00,-0.4704,H
2021-01-04 16:00:00,-0.3826,H
2021-01-04 17:00:00,-0.4291,H
2021-01-04 18:00:00,-0.3160,H
2021-01-04 19:00:00,-0.4676,H
2021-01-04 20:00:00,-0.6120,H
2021-01-04 21:00:00,-0.7197,H
2021-01-04 22:00:00,-0.9083,H
2021-01-04 23:00:00,-0.8887,H
2021-01-05 00:00:00,-0.9005,H
2021-01-05 01:00:00,-0.7991,H
2021-01-05 02:00:00,-1.0514,H
2021-01-05 03:00:00,-0.9590,H
2021-01-05 04:00:00,-1.0417,H
2021-01-05 05:00:00,-1.0436,H
2021-01-05 06:00:00,-0.9016,H
2021-01-05 07:00:00,-0.7225,H
2021-01-05 08:00:00,-0.6685,H
2021-01-05 09:00:00,-0.3695,H
2021-01-05 10:00:00,-0.1538,H
2021-01-05 11:00:00,0.1823,H
2021-01-05 12:00:00,0.6124,H
2021-01-05 13:00:00,0.8084,H
2021-01-05 14:00:00,0.6921,H
2021-01-05 15:00:00,1.2296,H
2021-01-05 16:00:00,1.5773,H
2021-01-05 17:00:00,1.4197,H
2021-01-05 18:00:00,1.6146,H
2021-01-05 19:00:00,1.5920,H
2021-01-05 20:00:00,1.6004,H
2021-01-05 21:00:00,1.4440,H
2021-01-05 22:00:00,1.3288,H
2021-01-05 23:00:00,1.3292,H
2021-01-06 00:00:00,0.9704,H
2021-01-06 01:00:00,0.7076,H
2021-01-06 02:00:00,0.5553,H
2021-01-06 03:00:00,0.2973,H
2021-01-06 04:00:00,0.0994,H
2021-01-06 05:00:00,-0.1218,H
2021-01-06 06:00:00,-0.2950,H
2021-01-06 07:00:00,-0.3248,H
2021-01-06 08:00:00,-0.4961,H
2021-01-06 09:00:00,-0.2874,H
2021-01-06 10:00:00,-0.6024,H
2021-01-06 11:00:00,-0.5931,H
2021-01-06 12:00:00,-0.4054,H
2021-01-06 13:00:00,-0.5448,H
2021-01-06 14:00:00,-0.4126,H
2021-01-06 15:00:00,-0.4711,H
2021-01-06 16:00:00,-0.4954,H
2021-01-06 17:00:00,-0.4035,H
2021-01-06 18:00:00,-0.5445,H
2021-01-06 19:00:00,-0.5025,H
2021-01-06 20:00:00,-0.5480,H
2021-01-06 21:00:00,-0.4987,H
2021-01-06 22:00:00,-0.6572,H
2021-01-06 23:00:00,-0.6399,H
2021-01-07 00:00:00,-0.9481,H
2021-01-07 01:00:00,-0.8837,H
2021-01-07 02:00:00,-0.9769,H
2021-01-07 03:00:00,-1.1112,H
2021-01-07 04:00:00,-1.0425,H
2021-01-07 05:00:00,-0.9955,H
2021-01-07 06:00:00,-0.8372,H
2021-01-07 07:00:00,-1.0144,H
2021-01-07 08:00:00,-0.6720,H
2021-01-07 09:00:00,-0.4725,H
2021-01-07 10:00:00,-0.0440,H
2021-01-07 11:00:00,0.2214,H
2021-01-07 12:00:00,0.4917,H
2021-01-07 13:00:00,0.7552,H
2021-01-07 14:00:00,1.0400,H
2021-01-07 15:00:00,1.1358,H
2021-01-07 16:00:00,1.3379,H
2021-01-07 17:00:00,1.4648,H
2021-01-07 18:00:00,1.5901,H
2021-01-07 19:00:00,1.5741,H
2021-01-07 20:00:00,1.5649,H
2021-01-07 21:00:00,1.5777,H
2021-01-07 22:00:00,1.5046,H
2021-01-07 23:00:00,1.3511,H
2021-01-08 00:00:00,0.8971,H
2021-01-08 01:00:00,0.7074,H
2021-01-08 02:00:00,0.7346,H
2021-01-08 03:00:00,0.2866,H
2021-01-08 04:00:00,0.0551,H
2021-01-08 05:00:00,-0.1941,H
2021-01-08 06:00:00,-0.2552,H
2021-01-08 07:00:00,-0.3633,H
2021-01-08 08:00:00,-0.4854,H
2021-01-08 09:00:00,-0.4652,H
2021-01-08 10:00:00,-0.5449,H
2021-01-08 11:00:00,-0.5431,H
2021-01-08 12:00:00,-0.6314,H
2021-01-08 13:00:00,-0.4964,H
2021-01-08 14:00:00,-0.5826,H
2021-01-08 15:00:00,-0.5267,H
2021-01-08 16:00:00,-0.4451,H
2021-01-08 17:00:00,-0.2003,H
2021-01-08 18:00:00,-0.2808,H
2021-01-08 19:00:00,-0.4007,H
2021-01-08 20:00:00,-0.5891,H
2021-01-08 21:00:00,-0.4874,H
2021-01-08 22:00:00,-0.6834,H
2021-01-08 23:00:00,-1.0161,H
2021-01-09 00:00:00,-0.8432,H
2021-01-09 01:00:00,-1.0808,H
2021-01-09 02:00:00,-1.0023,H
2021-01-09 03:00:00,-0.9764,H
2021-01-09 04:00:00,-1.2419,H
2021-01-09 05:00:00,-0.9856,H
2021-01-09 06:00:00,-0.9243,H
2021-01-09 07:00:00,-0.8239,H
2021-01-09 08:00:00,-0.6744,H
2021-01-09 09:00:00,-0.2842,H
2021-01-09 10:00:00,-0.2030,H
2021-01-09 11:00:00,0.1062,H
2021-01-09 12:00:00,0.4534,H
2021-01-09 13:00:00,0.6508,H
2021-01-09 14:00:00,0.9556,H
2021-01-09 15:00:00,1.1842,H
2021-01-09 16:00:00,1.3937,H
2021-01-09 17:00:00,1.6898,H
2021-01-09 18:00:00,1.6106,H
2021-01-09 19:00:00,1.6945,H
2021-01-09 20:00:00,1.6357,H
2021-01-09 21:00:00,1.4399,H
2021-01-09 22:00:00,1.3587,H
2021-01-09 23:00:00,1.0418,H
2021-01-10 00:00:00,1.1469,H
2021-01-10 01:00:00,0.7166,H
2021-01-10 02:00:00,0.5721,H
2021-01-10 03:00:00,-0.0801,H
2021-01-10 04:00:00,-0.0557,H
2021-01-10 05:00:00,-0.0796,H
2021-01-10 06:00:00,-0.2234,H
2021-01-10 07:00:00,-0.4631,H
2021-01-10 08:00:00,-0.5330,H
2021-01-10 09:00:00,-0.5079,H
2021-01-10 10:00:00,-0.6757,H
2021-01-10 11:00:00,-0.7901,H
2021-01-10 12:00:00,-0.5152,H
2021-01-10 13:00:00,-0.5210,H
2021-01-10 14:00:00,-0.3723,H
2021-01-10 15:00:00,-0.2521,H
2021-01-10 16:00:00,-0.4107,H
2021-01-10 17:00:00,-0.3540,H
2021-01-10 18:00:00,-0.3512,H
2021-01-10 19:00:00,-0.4162,H
2021-01-10 20:00:00,-0.5412,H
2021-01-10 21:00:00,-0.6366,H
2021-01-10 22:00:00,-0.5672,H
2021-01-10 23:00:00,-0.9130,H
2021-01-01 00:00:00,0.7071,I
2021-01-01 01:00:00,0.6413,I
2021-01-01 02:00:00,0.4323,I
2021-01-01 03:00:00,0.3193,I
2021-01-01 04:00:00,0.3660,I
2021-01-01 05:00:00,0.4113,I
2021-01-01 06:00:00,0.2898,I
2021-01-01 07:00:00,0.1163,I
2021-01-01 08:00:00,0.6492,I
2021-01-01 09:00:00,0.6538,I
2021-01-01 10:00:00,0.7936,I
2021-01-01 11:00:00,0.9254,I
2021-01-01 12:00:00,1.0852,I
2021-01-01 13:00:00,1.3493,I
2021-01-01 14:00:00,1.4345,I
2021-01-01 15:00:00,1.5543,I
2021-01-01 16:00:00,1.3296,I
2021-01-01 17:00:00,1.2688,I
2021-01-01 18:00:00,1.0513,I
2021-01-01 19:00:00,0.7587,I
2021-01-01 20:00:00,0.5677,I
2021-01-01 21:00:00,0.2262,I
2021-01-01 22:00:00,-0.0895,I
2021-01-01 23:00:00,-0.4164,I
2021-01-02 00:00:00,-1.1229,I
2021-01-02 01:00:00,-1.3271,I
2021-01-02 02:00:00,-1.8464,I
2021-01-02 03:00:00,-2.0859,I
2021-01-02 04:00:00,-2.3420,I
2021-01-02 05:00:00,-2.3286,I
2021-01-02 06:00:00,-2.2261,I
2021-01-02 07:00:00,-2.4197,I
2021-01-02 08:00:00,-2.0950,I
2021-01-02 09:00:00,-2.0889,I
2021-01-02 10:00:00,-1.6538,I
2021-01-02 11:00:00,-1.2721,I
2021-01-02 12:00:00,-0.8932,I
2021-01-02 13:00:00,-0.4498,I
2021-01-02 14:00:00,-0.1414,I
2021-01-02 15:00:00,0.0725,I
2021-01-02 16:00:00,0.3636,I
2021-01-02 17:00:00,0.8085,I
2021-01-02 18:00:00,0.8519,I
2021-01-02 19:00:00,0.8697,I
2021-01-02 20:00:00,1.2419,I
2021-01-02 21:00:00,0.9821,I
2021-01-02 22:00:00,0.9674,I
2021-01-02 23:00:00,0.9486,I
2021-01-03 00:00:00,0.8698,I
2021-01-03 01:00:00,0.6073,I
2021-01-03 02:00:00,0.5678,I
2021-01-03 03:00:00,0.4330,I
2021-01-03 04:00:00,0.2862,I
2021-01-03 05:00:00,0.3139,I
2021-01-03 06:00:00,0.2148,I
2021-01-03 07:00:00,0.3110,I
2021-01-03 08:00:00,0.5647,I
2021-01-03 09:00:00,0.6598,I
2021-01-03 10:00:00,0.8087,I
2021-01-03 11:00:00,0.9617,I
2021-01-03 12:00:00,0.9262,I
2021-01-03 13:00:00,1.3471,I
2021-01-03 14:00:00,1.4684,I
2021-01-03 15:00:00,1.4184,I
2021-01-03 16:00:00,1.3316,I
2021-01-03 17:00:00,1.2278,I
2021-01-03 18:00:00,1.1304,I
2021-01-03 19:00:00,0.8697,I
2021-01-03 20:00:00,0.5158,I
2021-01-03 21:00:00,0.2855,I
2021-01-03 22:00:00,-0.1407,I
2021-01-03 23:00:00,-0.7133,I
2021-01-04 00:00:00,-0.8245,I
2021-01-04 01:00:00,-1.4750,I
2021-01-04 02:00:00,-1.8712,I
2021-01-04 03:00:00,-2.0060,I
2021-01-04 04:00:00,-2.2994,I
2021-01-04 05:00:00,-2.2923,I
2021-01-04 06:00:00,-2.4529,I
2021-01-04 07:00:00,-2.2417,I
2021-01-04 08:00:00,-2.1234,I
2021-01-04 09:00:00,-2.0071,I
2021-01-04 10:00:00,-1.7124,I
2021-01-04 11:00:00,-1.2593,I
2021-01-04 12:00:00,-0.8246,I
2021-01-04 13:00:00,-0.5771,I
2021-01-04 14:00:00,-0.1016,I
2021-01-04 15:00:00,0.2785,I
2021-01-04 16:00:00,0.6349,I
2021-01-04 17:00:00,0.7578,I
2021-01-04 18:00:00,0.9272,I
2021-01-04 19:00:00,1.2308,I
2021-01-04 20:00:00,1.1652,I
2021-01-04 21:00:00,1.0286,I
2021-01-04 22:00:00,0.9463,I
2021-01-04 23:00:00,0.8470,I
2021-01-05 00:00:00,0.6239,I
2021-01-05 01:00:00,0.7078,I
2021-01-05 02:00:00,0.6496,I
2021-01-05 03:00:00,0.4180,I
2021-01-05 04:00:00,0.4542,I
2021-01-05 05:00:00,0.2525,I
2021-01-05 06:00:00,0.3782,I
2021-01-05 07:00:00,0.4169,I
2021-01-05 08:00:00,0.5388,I
2021-01-05 09:00:00,0.6985,I
2021-01-05 10:00:00,0.8202,I
2021-01-05 11:00:00,0.9414,I
2021-01-05 12:00:00,1.1876,I
2021-01-05 13:00:00,1.1669,I
2021-01-05 14:00:00,1.3441,I
2021-01-05 15:00:00,1.5393,I
2021-01-05 16:00:00,1.6666,I
2021-01-05 17:00:00,1.2399,I
2021-01-05 18:00:00,1.1257,I
2021-01-05 19:00:00,0.8897,I
2021-01-05 20:00:00,0.5010,I
2021-01-05 21:00:00,0.3122,I
2021-01-05 22:00:00,-0.1693,I
2021-01-05 23:00:00,-0.6184,I
2021-01-06 00:00:00,-1.2484,I
2021-01-06 01:00:00,-1.4103,I
2021-01-06 02:00:00,-1.7291,I
2021-01-06 03:00:00,-1.9645,I
2021-01-06 04:00:00,-2.2748,I
2021-01-06 05:00:00,-2.2872,I
2021-01-06 06:00:00,-2.4072,I
2021-01-06 07:00:00,-2.2491,I
2021-01-06 08:00:00,-2.0387,I
2021-01-06 09:00:00,-1.9433,I
2021-01-06 10:00:00,-1.3891,I
2021-01-06 11:00:00,-1.2482,I
2021-01-06 12:00:00,-0.8447,I
2021-01-06 13:00:00,-0.5693,I
2021-01-06 14:00:00,-0.0154,I
2021-01-06 15:00:00,0.1049,I
2021-01-06 16:00:00,0.6187,I
2021-01-06 17:00:00,0.8630,I
2021-01-06 18:00:00,0.9726,I
2021-01-06 19:00:00,1.0554,I
2021-01-06 20:00:00,1.0970,I
2021-01-06 21:00:00,1.2532,I
2021-01-06 22:00:00,1.1082,I
2021-01-06 23:00:00,0.8320,I
2021-01-07 00:00:00,0.6871,I
2021-01-07 01:00:00,0.8148,I
2021-01-07 02:00:00,0.5488,I
2021-01-07 03:00:00,0.3148,I
2021-01-07 04:00:00,0.2463,I
2021-01-07 05:00:00,0.1967,I
2021-01-07 06:00:00,0.4255,I
2021-01-07 07:00:00,0.2640,I
2021-01-07 08:00:00,0.4692,I
2021-01-07 09:00:00,0.8315,I
2021-01-07 10:00:00,0.6794,I
2021-01-07 11:00:00,1.0068,I
2021-01-07 12:00:00,1.1499,I
2021-01-07 13:00:00,1.1809,I
2021-01-07 14:00:00,1.5452,I
2021-01-07 15:00:00,1.2630,I
2021-01-07 16:00:00,1.4371,I
2021-01-07 17:00:00,1.3191,I
2021-01-07 18:00:00,1.0352,I
2021-01-07 19:00:00,0.8429,I
2021-01-07 20:00:00,0.5269,I
2021-01-07 21:00:00,0.3099,I
2021-01-07 22:00:00,-0.0977,I
2021-01-07 23:00:00,-0.5909,I
2021-01-08 00:00:00,-0.9323,I
2021-01-08 01:00:00,-1.3818,I
2021-01-08 02:00:00,-1.7766,I
2021-01-08 03:00:00,-1.9975,I
2021-01-08 04:00:00,-2.2208,I
2021-01-08 05:00:00,-2.4789,I
2021-01-08 06:00:00,-2.3765,I
2021-01-08 07:00:00,-2.2336,I
2021-01-08 08:00:00,-2.1122,I
2021-01-08 09:00:00,-1.9392,I
2021-01-08 10:00:00,-1.5238,I
2021-01-08 11:00:00,-1.2747,I
2021-01-08 12:00:00,-0.7249,I
2021-01-08 13:00:00,-0.6196,I
2021-01-08 14:00:00,-0.1584,I
2021-01-08 15:00:00,0.1293,I
2021-01-08 16:00:00,0.6136,I
2021-01-08 17:00:00,0.7891,I
2021-01-08 18:00:00,0.9837,I
2021-01-08 19:00:00,1.0213,I
2021-01-08 20:00:00,0.9787,I
2021-01-08 21:00:00,1.1029,I
2021-01-08 22:00:00,0.8925,I
2021-01-08 23:00:00,0.8674,I
2021-01-09 00:00:00,0.7010,I
2021-01-09 01:00:00,0.7635,I
2021-01-09 02:00:00,0.4414,I
2021-01-09 03:00:00,0.5945,I
2021-01-09 04:00:00,0.4287,I
2021-01-09 05:00:00,0.2729,I
2021-01-09 06:00:00,0.2825,I
2021-01-09 07:00:00,0.3597,I
2021-01-09 08:00:00,0.6074,I
2021-01-09 09:00:00,0.4546,I
2021-01-09 10:00:00,0.7630,I
2021-01-09 11:00:00,1.0362,I
2021-01-09 12:00:00,1.0509,I
2021-01-09 13:00:00,1.2374,I
2021-01-09 14:00:00,1.4755,I
2021-01-09 15:00:00,1.3247,I
2021-01-09 16:00:00,1.4839,I
2021-01-09 17:00:00,1.2639,I
2021-01-09 18:00:00,1.0634,I
2021-01-09 19:00:00,0.7604,I
2021-01-09 20:00:00,0.5474,I
2021-01-09 21:00:00,0.2678,I
2021-01-09 22:00:00,-0.0561,I
2021-01-09 23:00:00,-0.6890,I
2021-01-10 00:00:00,-1.2263,I
2021-01-10 01:00:00,-1.5308,I
2021-01-10 02:00:00,-1.8423,I
2021-01-10 03:00:00,-1.9391,I
2021-01-10 04:00:00,-2.2632,I
2021-01-10 05:00:00,-2.3682,I
2021-01-10 06:00:00,-2.2264,I
2021-01-10 07:00:00,-2.2897,I
2021-01-10 08:00:00,-2.0349,I
2021-01-10 09:00:00,-1.9590,I
2021-01-10 10:00:00,-1.5594,I
2021-01-10 11:00:00,-1.1863,I
2021-01-10 12:00:00,-0.9255,I
2021-01-10 13:00:00,-0.4348,I
2021-01-10 14:00:00,-0.0213,I
2021-01-10 15:00:00,0.1850,I
2021-01-10 16:00:00,0.4859,I
2021-01-10 17:00:00,0.8178,I
2021-01-10 18:00:00,0.9593,I
2021-01-10 19:00:00,0.9811,I
2021-01-10 20:00:00,1.0969,I
2021-01-10 21:00:00,1.1286,I
2021-01-10 22:00:00,1.0786,I
2021-01-10 23:00:00,0.9624,I
2021-01-01 00:00:00,1.3763,J
2021-01-01 01:00:00,1.2750,J
2021-01-01 02:00:00,0.6767,J
2021-01-01 03:00:00,0.5150,J
2021-01-01 04:00:00,0.1708,J
2021-01-01 05:00:00,-0.0975,J
2021-01-01 06:00:00,-0.4649,J
2021-01-01 07:00:00,-0.8851,J
2021-01-01 08:00:00,-1.0989,J
2021-01-01 09:00:00,-1.4720,J
2021-01-01 10:00:00,-1.6801,J
2021-01-01 11:00:00,-1.7277,J
2021-01-01 12:00:00,-1.8307,J
2021-01-01 13:00:00,-1.9036,J
2021-01-01 14:00:00,-1.8423,J
2021-01-01 15:00:00,-1.4368,J
2021-01-01 16:00:00,-1.4255,J
2021-01-01 17:00:00,-1.0942,J
2021-01-01 18:00:00,-0.7756,J
2021-01-01 19:00:00,-0.6220,J
2021-01-01 20:00:00,-0.2559,J
2021-01-01 21:00:00,0.0872,J
2021-01-01 22:00:00,0.2502,J
2021-01-01 23:00:00,0.3865,J
2021-01-02 00:00:00,0.7968,J
2021-01-02 01:00:00,0.6672,J
2021-01-02 02:00:00,0.6088,J
2021-01-02 03:00:00,0.5630,J
2021-01-02 04:00:00,0.8191,J
2021-01-02 05:00:00,0.3311,J
2021-01-02 06:00:00,0.3059,J
2021-01-02 07:00:00,0.1489,J
2021-01-02 08:00:00,0.2663,J
2021-01-02 09:00:00,0.0487,J
2021-01-02 10:00:00,-0.0626,J
2021-01-02 11:00:00,0.0278,J
2021-01-02 12:00:00,0.0089,J
2021-01-02 13:00:00,-0.0135,J
2021-01-02 14:00:00,0.1575,J
2021-01-02 15:00:00,0.3388,J
2021-01-02 16:00:00,0.4938,J
2021-01-02 17:00:00,0.6715,J
2021-01-02 18:00:00,0.9758,J
2021-01-02 19:00:00,1.2186,J
2021-01-02 20:00:00,1.2580,J
2021-01-02 21:00:00,1.4612,J
2021-01-02 22:00:00,1.4954,J
2021-01-02 23:00:00,1.1614,J
2021-01-03 00:00:00,1.4597,J
2021-01-03 01:00:00,1.0010,J
2021-01-03 02:00:00,0.8012,J
2021-01-03 03:00:00,0.5434,J
2021-01-03 04:00:00,0.3136,J
2021-01-03 05:00:00,0.0083,J
2021-01-03 06:00:00,-0.4854,J
2021-01-03 07:00:00,-0.8619,J
2021-01-03 08:00:00,-1.1312,J
2021-01-03 09:00:00,-1.2971,J
2021-01-03 10:00:00,-1.6359,J
2021-01-03 11:00:00,-1.6958,J
2021-01-03 12:00:00,-1.7202,J
2021-01-03 13:00:00,-1.9119,J
2021-01-03 14:00:00,-1.6396,J
2021-01-03 15:00:00,-1.4705,J
2021-01-03 16:00:00,-1.2238,J
2021-01-03 17:00:00,-1.1950,J
2021-01-03 18:00:00,-0.6365,J
2021-01-03 19:00:00,-0.3342,J
2021-01-03 20:00:00,-0.2236,J
2021-01-03 21:00:00,0.1064,J
2021-01-03 22:00:00,0.3938,J
2021-01-03 23:00:00,0.4873,J
2021-01-04 00:00:00,0.5781,J
2021-01-04 01:00:00,0.9098,J
2021-01-04 02:00:00,0.7272,J
2021-01-04 03:00:00,0.6822,J
2021-01-04 04:00:00,0.5680,J
2021-01-04 05:00:00,0.5567,J
2021-01-04 06:00:00,0.4942,J
2021-01-04 07:00:00,0.1578,J
2021-01-04 08:00:00,0.1742,J
2021-01-04 09:00:00,-0.0597,J
2021-01-04 10:00:00,-0.0790,J
2021-01-04 11:00:00,0.0465,J
2021-01-04 12:00:00,-0.1783,J
2021-01-04 13:00:00,0.1407,J
2021-01-04 14:00:00,0.2905,J
2021-01-04 15:00:00,0.4555,J
2021-01-04 16:00:00,0.5677,J
2021-01-04 17:00:00,0.7683,J
2021-01-04 18:00:00,1.0711,J
2021-01-04 19:00:00,1.1453,J
2021-01-04 20:00:00,1.0566,J
2021-01-04 21:00:00,1.4884,J
2021-01-04 22:00:00,1.3705,J
2021-01-04 23:00:00,1.3052,J
2021-01-05 00:00:00,1.2700,J
2021-01-05 01:00:00,0.9819,J
2021-01-05 02:00:00,0.7647,J
2021-01-05 03:00:00,0.5456,J
2021-01-05 04:00:00,0.1700,J
2021-01-05 05:00:00,-0.2153,J
2021-01-05 06:00:00,-0.5123,J
2021-01-05 07:00:00,-0.6753,J
2021-01-05 08:00:00,-1.1559,J
2021-01-05 09:00:00,-1.2903,J
2021-01-05 10:00:00,-1.6551,J
2021-01-05 11:00:00,-1.8268,J
2021-01-05 12:00:00,-2.0660,J
2021-01-05 13:00:00,-1.6856,J
2021-01-05 14:00:00,-1.5693,J
2021-01-05 15:00:00,-1.5475,J
2021-01-05 16:00:00,-1.2800,J
2021-01-05 17:00:00,-0.9682,J
2021-01-05 18:00:00,-0.6851,J
2021-01-05 19:00:00,-0.3151,J
2021-01-05 20:00:00,-0.1184,J
2021-01-05 21:00:00,0.0246,J
2021-01-05 22:00:00,0.4370,J
2021-01-05 23:00:00,0.5330,J
2021-01-06 00:00:00,0.6640,J
2021-01-06 01:00:00,0.9336,J
2021-01-06 02:00:00,0.5216,J
2021-01-06 03:00:00,0.6934,J
2021-01-06 04:00:00,0.7085,J
2021-01-06 05:00:00,0.3383,J
2021-01-06 06:00:00,0.3111,J
2021-01-06 07:00:00,0.0817,J
2021-01-06 08:00:00,0.1154,J
2021-01-06 09:00:00,0.0180,J
2021-01-06 10:00:00,0.0830,J
2021-01-06 11:00:00,0.0059,J
2021-01-06 12:00:00,0.1040,J
2021-01-06 13:00:00,-0.1257,J
2021-01-06 14:00:00,0.1661,J
2021-01-06 15:00:00,0.3303,J
2021-01-06 16:00:00,0.6241,J
2021-01-06 17:00:00,0.7190,J
2021-01-06 18:00:00,1.0701,J
2021-01-06 19:00:00,1.0008,J
2021-01-06 20:00:00,1.2607,J
2021-01-06 21:00:00,1.2467,J
2021-01-06 22:00:00,1.4417,J
2021-01-06 23:00:00,1.4403,J
2021-01-07 00:00:00,1.2024,J
2021-01-07 01:00:00,0.8706,J
2021-01-07 02:00:00,0.7771,J
2021-01-07 03:00:00,0.4587,J
2021-01-07 04:00:00,0.1537,J
2021-01-07 05:00:00,-0.1920,J
2021-01-07 06:00:00,-0.5579,J
2021-01-07 07:00:00,-0.6316,J
2021-01-07 08:00:00,-1.1703,J
2021-01-07 09:00:00,-1.5333,J
2021-01-07 10:00:00,-1.6095,J
2021-01-07 11:00:00,-1.6199,J
2021-01-07 12:00:00,-1.8436,J
2021-01-07 13:00:00,-2.0357,J
2021-01-07 14:00:00,-1.6432,J
2021-01-07 15:00:00,-1.5353,J
2021-01-07 16:00:00,-1.3870,J
2021-01-07 17:00:00,-1.2095,J
2021-01-07 18:00:00,-0.7693,J
2021-01-07 19:00:00,-0.5047,J
2021-01-07 20:00:00,-0.2337,J
2021-01-07 21:00:00,0.0772,J
2021-01-07 22:00:00,0.2090,J
2021-01-07 23:00:00,0.4854,J
2021-01-08 00:00:00,0.4960,J
2021-01-08 01:00:00,0.7246,J
2021-01-08 02:00:00,0.7313,J
2021-01-08 03:00:00,0.5760,J
2021-01-08 04:00:00,0.7823,J
2021-01-08 05:00:00,0.4472,J
2021-01-08 06:00:00,0.3065,J
2021-01-08 07:00:00,0.2735,J
2021-01-08 08:00:00,0.2196,J
2021-01-08 09:00:00,0.0069,J
2021-01-08 10:00:00,-0.0403,J
2021-01-08 11:00:00,0.0408,J
2021-01-08 12:00:00,0.0339,J
2021-01-08 13:00:00,0.0054,J
2021-01-08 14:00:00,0.2463,J
2021-01-08 15:00:00,0.3815,J
2021-01-08 16:00:00,0.5352,J
2021-01-08 17:00:00,0.8330,J
2021-01-08 18:00:00,1.0214,J
2021-01-08 19:00:00,1.0281,J
2021-01-08 20:00:00,1.3372,J
2021-01-08 21:00:00,1.3437,J
2021-01-08 22:00:00,1.3906,J
2021-01-08 23:00:00,1.2292,J
2021-01-09 00:00:00,1.1923,J
2021-01-09 01:00:00,0.9312,J
2021-01-09 02:00:00,0.8707,J
2021-01-09 03:00:00,0.6929,J
2021-01-09 04:00:00,0.2626,J
2021-01-09 05:00:00,-0.0042,J
2021-01-09 06:00:00,-0.5624,J
2021-01-09 07:00:00,-0.7247,J
2021-01-09 08:00:00,-1.2404,J
2021-01-09 09:00:00,-1.4856,J
2021-01-09 10:00:00,-1.5498,J
2021-01-09 11:00:00,-1.6621,J
2021-01-09 12:00:00,-1.7972,J
2021-01-09 13:00:00,-1.8223,J
2021-01-09 14:00:00,-1.7478,J
2021-01-09 15:00:00,-1.6325,J
2021-01-09 16:00:00,-1.4600,J
2021-01-09 17:00:00,-0.9984,J
2021-01-09 18:00:00,-0.9556,J
2021-01-09 19:00:00,-0.4330,J
2021-01-09 20:00:00,-0.2208,J
2021-01-09 21:00:00,0.2457,J
2021-01-09 22:00:00,0.4209,J
2021-01-09 23:00:00,0.3980,J
2021-01-10 00:00:00,0.5934,J
2021-01-10 01:00:00,0.6354,J
2021-01-10 02:00:00,0.8490,J
2021-01-10 03:00:00,0.8094,J
2021-01-10 04:00:00,0.5527,J
2021-01-10 05:00:00,0.3873,J
2021-01-10 06:00:00,0.4581,J
2021-01-10 07:00:00,0.1782,J
2021-01-10 08:00:00,-0.0027,J
2021-01-10 09:00:00,0.0603,J
2021-01-10 10:00:00,-0.0370,J
2021-01-10 11:00:00,-0.0494,J
2021-01-10 12:00:00,-0.0435,J
2021-01-10 13:00:00,0.0441,J
2021-01-10 14:00:00,0.1557,J
2021-01-10 15:00:00,0.2962,J
2021-01-10 16:00:00,0.5030,J
2021-01-10 17:00:00,0.6592,J
2021-01-10 18:00:00,0.8377,J
2021-01-10 19:00:00,1.2349,J
2021-01-10 20:00:00,1.1525,J
2021-01-10 21:00:00,1.1485,J
2021-01-10 22:00:00,1.3248,J
2021-01-10 23:00:00,1.1657,J